tests.test_smoke.TestSuiteScenarios#test_main_page_info
Failed
[MainPageInfo] Проверка установки режима работы МТ: стационарный. ЭФ: Главная страница.Контент таблица по ТУ
Overview History Retries
AssertionError: [Проверка наличия режимов МТ на базовых ДУ CommonSchemeContent
Ожидаемый результат: stationaryStatus не пустое
Фактический результат: количество элементов в stationaryStatus = 0] Expected not empty, but was empty.
Tags: test_suite_data_id(23) asyncio test_suite_name('Imitative_7_tn3_215km_50') test_data_name('Imitative_7_tn3_215km_50.tar.gz') tu_id(3) offset(6) SMOKE MainPageInfo test_case_id('3') ost_name('CHTN')
Categories: Product defects
Severity: normal
Duration:  2s 916ms
Description
Проверка установки режима работы МТ: стационарный на данных Imitative_7_tn3_215km_50,
на технологическом участке ТН-3-Автотест
Время проведения проверки: 6 мин.
Подписка на сообщения типа: MainPageInfo
Ожидаемый режим работы МТ: Стационарный

Parameters
config: SmokeSuiteConfig(ost_name='CHTN', suite_name='Imitative_7_tn3_215km_50', suite_data_id=23, archive_name='Imitative_7_tn3_215km_50.tar.gz', technological_unit=<TU.TIKHORETSK_NOVOROSSIYSK_3: (3, 'Тихорецк-Новороссийск-3', 'tn3.json')>, use_lds_configurator=True, admin_tu=<AdminTU.TIKHORETSK_NOVOROSSIYSK_3_AUTOTEST: ('ТН-3-Автотест', <TU.TIKHORETSK_NOVOROSSIYSK_3: (3, 'Тихорецк-Новороссийск-3', 'tn3.json')>)>, resolved_tu_id=2, measure_conversion_rules=<MeasureConversionRule.KG_CM_MEASURE: 'KG_CM_MEASURE'>, allowed_distance_diff_meters=5000, precision=3, basic_message_timeout=10.0, mask_message_timeout=180.0, mask_du_name=None, main_pipe_line=None, mask_du_event=None, unmask_du_event=None, expected_stationary_status=<StationaryStatus.STOPPED: 3>, expected_main_page_signals={'numberOfRejectedSignals': 0, 'numberOfMaskedSignals': 0, 'numberOfImitatedSignals': 0}, main_pipeline='МН Тихорецк-Новороссийск-3', mask_reason=None, unmask_reason=None, mask_one_du=None, not_mask_du=None, linear_part_identifier_for_mask=None, technological_section=None, imitate_flowmeter_signal_test_data=None, imitate_pressure_sensor_signal_test_data=None, exp_mode_mt_message=None, expected_report_stationary_status=3, controlled_sites_with_segment=CaseData(name='', params=None, expected_result={'exp_tixoreczkaya_novovelichkovskaya': (<StationaryStatus.STOPPED: 3>, <LdsStatus.SERVICEABLE: 4>), 'exp_novovelichkovskaya_krymskaya': (<StationaryStatus.STOPPED: 3>, <LdsStatus.SERVICEABLE: 4>), 'exp_krymskaya_grushovaya': (<StationaryStatus.STOPPED: 3>, <LdsStatus.FAULTY: 1>), 'exp_backup_route_bejsug': (<StationaryStatus.STOPPED: 3>, <LdsStatus.FAULTY: 1>), 'exp_backup_route_ponura': (<StationaryStatus.STOPPED: 3>, <LdsStatus.FAULTY: 1>), 'exp_backup_route_kuban': (<StationaryStatus.STOPPED: 3>, <LdsStatus.FAULTY: 1>), 'exp_npz_afipskij': (<StationaryStatus.STOPPED: 3>, <LdsStatus.FAULTY: 1>), 'exp_npz_ilinskij': (<StationaryStatus.STOPPED: 3>, <LdsStatus.FAULTY: 1>)}, description=''), mask_signal_test_data=CaseData(name='', params={'pressure_sensor_address': 'AK.CHTN.LU_TIHVEL.KP_8.SW_8-3.Pout', 'flowmeter_address': 'AK.CHTN.NPS_TIH_5.UZR_1.Vmom'}, expected_result=None, description=''), basic_info_test=CaseMarkers(test_case_id='1', offset=5), imitate_flowmeter_signal_test=None, imitate_pressure_sensor_signal_test=None, journal_info_test=CaseMarkers(test_case_id='2', offset=5), lds_status_initialization_test=CaseMarkers(test_case_id='86', offset=5), lds_status_init_in_journal_test=CaseMarkers(test_case_id='228', offset=5), main_page_info_test=CaseMarkers(test_case_id='3', offset=6), main_page_info_signals_test=None, mask_signal_test=None, mask_info_in_journal_test=None, lds_status_initialization_out_test=None, lds_status_init_out_in_journal_test=None, mask_du_on_mini_scheme_test=None, unmask_du_on_mini_scheme_test=None, diagnostics_of_signals_after_initialization_test=None, mode_mt_in_journal_test=None, export_lds_status_report_test=None, export_mt_mode_report_test=None, leak=LeakTestConfig(control_site_id=None, diagnostic_area_id=None, diagnostic_area_name='Т-Н-3.УЗР НПС-3 «Нововеличковская». - Т-Н-3.НПС-2 «Крымская».УЗР СИКН Т-К', linear_part_id=408, technological_object=None, message_event_leak_completion=None, coordinate_meters=215000.0, volume_m3=50.0, max_pumping_m3=2500, flow_rate_settings_threshold=7, leak_start_interval_seconds=1800, allowed_time_diff_seconds=1800, output_test_delay_seconds=120, expected_lds_status=<LdsStatus.SERVICEABLE: 4>, expected_lds_status_in_leaks_report=4, expected_report_stationary_status=3, expected_stationary_status=<StationaryStatus.STOPPED: 3>, expected_algorithm_type=<ReservedType.STOP: 1>, expected_leak_status=<ConfirmationStatus.CONFIRMED: 3>, expected_complete_leak_status=<ConfirmationStatus.CONFIRMED_AND_LEAK_CLOSED: 4>, lds_status_during_leak_config=None, lds_status_after_confirming_leak_data=None, lds_status_after_completed_leak_data=None, balance_algorithm_leak_waiting_test=None, balance_algorithm_leak_detected_test=None, leaks_content_test=None, all_leaks_info_test=None, all_leaks_is_empty_test=None, tu_leaks_info_test=None, leak_info_in_journal=None, possible_leak_in_journal_test=None, acknowledge_leak_test=None, acknowledge_leak_in_journal_test=None, output_signals_test=None, lds_status_during_leak_test=None, lds_status_after_confirming_leak_test=None, lds_status_completed_leak_test=None, the_leak_is_complete_on_kg_test=None, leak_is_complete_in_output_signals_test=None, leak_is_complete_on_main_page_test=None, leak_is_confirm_on_main_page_test=None, complete_tu_leaks_info_content_test=None, completed_leak_info_in_journal_test=None, balance_algorithm_leak_completed_test=None, export_leaks_report_test=None), leaks=[], lds_status_report_section_names=[], main_page_info_unstationary_test=None)
Links
 TestCase-3
Execution
Set up
Test body
Подключение по ws, получение и обработка сообщения типа: MainPageInfoContent 2 sub-steps, 2 attachments589ms
Подключение по ws, получение и обработка сообщения типа: OutputSignalsInfo 2 sub-steps, 2 attachments1s 048ms
Подключение по ws, получение и обработка сообщения типа: CommonSchemeContent 2 sub-steps, 2 attachments1s 276ms
Вызов SubscribeCommonSchemeRequest c параметрами {'tuId': 2, 'additionalProperties': None}0s
Получение сообщения с контентом типа: CommonSchemeContent1s 259ms
Распакованное сообщение от api-gateway 2026-08-20 17:55:58.691872+03:00
 108.9 KiB
[1, {}, None, 'CommonSchemeContent', [{'replyStatus': 200, 'replyErrors': None, 'replyContent': {'tuId': 2, 'flowAreas': [{'id': '01a01fa6-ed87-7316-922a-42bf68c10d37', 'isFlowAvailable': True, 'diagnosticAreas': [{'id': 9992054923, 'pipeIds': [1349, 263, 999192870, 267, 999192883, 1469, 1062, 999192917, 1463, 999192925, 999192931, 368, 999192938, 1076, 22835, 1088, 999193016, 463, 999193012, 990162041, 474, 1100, 1421, 1444, 999019294, 999205393, 999205440, 999192214, 999192221], 'technologicalPipeIds': [9992053858, 9992053876, 655, 9992053875, 616, 619, 657, 656, 633, 660, 631, 632, 634, 662, 661, 641, 665, 640, 642, 643, 667, 666, 650, 671, 649, 651, 652, 673, 999203986, 999203987, 999205272, 999205399, 999205398, 999204049, 999204046, 999204047, 1351, 999204051, 1353, 9992054854, 999192871, 999192882, 9992054856, 1471, 320, 279, 315, 9992054869, 999192918, 999192924, 9992054870, 1454, 9992053509, 1455, 9992053506, 9992053510, 9992053159, 9992053160, 9992053507, 9992053511, 9992053512, 1398, 9992053513, 1396, 9992054873, 999192932, 999192937, 9992054874, 716, 999019198, 999019197, 999019196, 717, 999019174, 999019180, 853, 849, 990162032, 1162, 999019185, 999019184, 999019186, 999019182, 999019181, 852, 1233, 1224, 1223, 1227, 1228, 1220, 1218, 1231, 1219, 1229, 1230, 999019259, 999019261, 999019260, 770, 774, 769, 754, 792, 776, 778, 779, 782, 780, 760, 797, 784, 786, 787, 807, 788, 766, 767, 9992053862, 9992053872, 9992053871, 999019226, 9992053870, 999019223, 999019227, 999019228, 843, 842, 999019244, 999204010, 845, 411, 999205275, 438, 448, 455, 999204053, 999204054, 999204021, 437, 999204056, 999204055, 999204037, 447, 456, 999193017, 999193011, 999193018, 999193020, 999019279, 999016147, 999204074, 990162071, 990162066, 990162065, 990162075, 990162077, 990162070, 999016148, 1426, 1424, 1427, 1428, 999204041, 999204042, 9992053197, 9992053226, 9992053227, 9992053228, 9992053198, 1414, 1416, 1419, 875, 999204057, 999204058, 9992054112, 876, 999203949, 999203940, 881, 882, 999203448, 999203456, 35165821, 999203467, 999203558, 999204077, 9992052981, 9992052990, 9992052993, 9992052992, 9992052995, 9992052997, 9992053016, 9992053015, 9992053007, 9992053008, 9992053000, 999203462, 999203468, 999203464, 999203472, 251652276, 251652278, 251652277, 1256, 1263, 990161796, 990161797, 1257, 1260, 990161802, 990161798, 990161804, 990161803, 940062, 9992054443, 9992054442, 9992054435, 9992054431, 9992054430, 9992054428, 9992054426, 9992054424, 9992054425, 9992054427, 9992054429, 9992054432, 9992054436, 9992054441, 9992053382, 911, 940, 9992053865, 914, 915, 942, 944, 945, 948, 946, 922, 919, 950, 952, 953, 956, 954, 928, 929, 958, 960, 961, 966, 962, 934, 935, 968, 940097, 999205441, 990162087, 990162088], 'stationaryStatus': 3, 'ldsStatus': 2, 'stationaryStatusReasons': 1, 'ldsStatusReasons': 4, 'pipeSections': [{'pipeId': 9992053858, 'leftFlowMeterId': 611, 'rightFlowMeterId': None}]}], 'flowPaths': [{'id': 1013004, 'freeFlows': []}, {'id': 1014006, 'freeFlows': []}, {'id': 9993054429, 'freeFlows': []}, {'id': 1011000, 'freeFlows': []}, {'id': 1011001, 'freeFlows': []}, {'id': 1011002, 'freeFlows': []}, {'id': 1011003, 'freeFlows': []}, {'id': 1011004, 'freeFlows': []}, {'id': 1011005, 'freeFlows': []}, {'id': 1011006, 'freeFlows': []}, {'id': 1013001, 'freeFlows': []}, {'id': 1013002, 'freeFlows': []}, {'id': 1013003, 'freeFlows': []}, {'id': 1013005, 'freeFlows': []}, {'id': 1013006, 'freeFlows': []}, {'id': 1013007, 'freeFlows': []}, {'id': 1014000, 'freeFlows': []}, {'id': 1014001, 'freeFlows': []}, {'id': 1014002, 'freeFlows': []}, {'id': 1014003, 'freeFlows': []}, {'id': 1014004, 'freeFlows': []}, {'id': 1014005, 'freeFlows': []}, {'id': 1014007, 'freeFlows': []}, {'id': 9993054428, 'freeFlows': []}, {'id': 9993054427, 'freeFlows': []}, {'id': 9993054426, 'freeFlows': []}, {'id': 9993054425, 'freeFlows': []}, {'id': 9993054424, 'freeFlows': []}, {'id': 9993054423, 'freeFlows': []}, {'id': 9993054422, 'freeFlows': []}], 'hasWorkingPumps': False, 'pipesIds': [999205272, 999205398, 263, 267, 320, 368, 616, 619, 631, 632, 633, 634, 640, 641, 642, 643, 649, 650, 651, 652, 655, 656, 657, 660, 661, 662, 665, 666, 667, 671, 673, 717, 754, 760, 766, 767, 769, 770, 774, 776, 778, 779, 780, 782, 784, 786, 787, 788, 792, 797, 807, 842, 843, 852, 1035, 1036, 1062, 1076, 1162, 1223, 1224, 1227, 1228, 1233, 1349, 1353, 1398, 1455, 1463, 1469, 1471, 999192870, 999192871, 999192882, 999192883, 999192917, 999192918, 999192924, 999192925, 999192931, 999192932, 999192937, 999192938, 22835, 9992053506, 9992053507, 9992053511, 9992053512, 9992053858, 9992053862, 9992053870, 9992053871, 9992053875, 9992053872, 9992053876, 999019174, 999019180, 999019181, 999019184, 999019185, 999019223, 999019226, 999019227, 999019228, 999019244, 999019259, 999019260, 990162032, 999203986, 999203987, 999204010, 999204051], 'defaultStatePipeIds': [999205308, 999205316, 999205314, 999205311, 999205309, 999205360, 999205363, 999205364, 999205361, 999205399, 296, 298, 315, 339, 9992053873, 350, 352, 279, 396, 398, 411, 437, 441, 442, 444, 446, 447, 449, 999204036, 529, 530, 531, 537, 999203477, 251692335, 701, 999203995, 716, 721, 722, 729, 712, 845, 849, 853, 871, 869, 875, 999203472, 992, 999, 1011, 1012, 1020, 1039, 1041, 1302, 1596, 999204077, 940097, 934, 935, 961, 962, 966, 968, 960, 928, 929, 953, 954, 956, 958, 952, 919, 922, 945, 946, 948, 950, 944, 911, 914, 915, 940, 942, 9992053865, 9992053382, 1218, 1219, 1220, 1221, 1222, 1225, 1226, 1229, 1231, 1230, 1256, 1259, 1262, 1263, 1289, 1290, 1288, 1292, 1293, 1295, 1296, 1298, 1300, 1301, 1351, 1396, 1416, 1417, 999193039, 1419, 1423, 999204040, 1424, 1426, 1454, 1580, 1581, 1584, 1597, 1598, 1599, 1600, 1586, 1669, 1291, 1294, 1297, 1299, 1303, 999192811, 999192859, 999192860, 999192872, 999192884, 999192885, 999192886, 999192887, 999192888, 9992053886, 999192899, 999192900, 999192902, 999192903, 9992053494, 999192907, 999192919, 999192926, 999192933, 999192939, 999192954, 999192955, 999192963, 999192964, 999192973, 999192975, 999192977, 999192981, 999192983, 999192987, 999192988, 999192996, 999192999, 999193000, 999193006, 999193023, 999193009, 999193018, 999193020, 999193022, 999193027, 999193028, 9992054870, 535, 528, 283, 440, 996, 1006, 990162092, 9992052980, 9992052981, 9992052988, 9992052992, 9992053019, 9992053027, 9992053231, 9992053232, 9992053028, 9992053038, 9992053039, 9992053037, 999192982, 9992053040, 9992053095, 9992053093, 9992054128, 9992054129, 9992053098, 9992053127, 9992053128, 9992053495, 9992053493, 9992053160, 9992053159, 9992053510, 9992053228, 9992053227, 9992053226, 9992053262, 9992053261, 9992053260, 999193008, 9992053293, 9992053292, 9992053291, 9992053290, 9992054425, 9992054424, 9992054426, 9992054427, 9992054430, 9992054431, 9992054428, 9992054429, 9992054435, 9992054432, 9992054436, 9992054442, 9992054441, 9992054443, 940062, 990161803, 999018644, 999018645, 999018649, 999018650, 999018658, 999018659, 999018657, 999018674, 999018679, 999018683, 999018687, 999018691, 9992053509, 9992053513, 999018723, 999018724, 999018802, 9992053869, 9992053911, 9992053915, 9992054866, 999019182, 999019186, 999019193, 9992053518, 999019194, 999019196, 999019198, 999019197, 990161798, 990161799, 990161800, 990161804, 990161802, 1260, 1257, 990161797, 990161796, 251652277, 999192942, 999192943, 999019255, 999192945, 999192946, 999019257, 999019256, 999019261, 9992054112, 9992054123, 9992054860, 9992054125, 9992054126, 9992054127, 999203945, 990162059, 990162060, 9992054068, 990162065, 990162066, 990162071, 990162067, 990162075, 990162081, 990162087, 990162088, 990162094, 990162098, 990162100, 990162099, 990162170, 999192051, 999203573, 999203671, 999203778, 990162102, 999016148, 990162122, 999205441, 990162077, 990162070, 999204074, 999016147, 999019279, 990162175, 999018715, 999018801, 999018800, 999203673, 999204075, 999203728, 999203729, 999203730, 999203731, 999204076, 999203732, 990162177, 999018653, 999018654, 999018639, 999018640, 999018681, 999018685, 9992054854, 9992054859, 9992054856, 9992054862, 9992054864, 9992054865, 9992054869, 9992054874, 9992054873, 9992054878, 9992054877, 251652278, 251652276, 999203464, 26071, 991, 1001, 999203950, 999203952, 999203450, 999203467, 999203468, 999203462, 9992053000, 9992052997, 9992053007, 9992053008, 9992053015, 9992053016, 9992052995, 9992052993, 9992052990, 999205275, 999203558, 35165821, 999203456, 999203587, 999203588, 999203590, 999018686, 999018678, 999205358, 999205357, 999018673, 999018693, 999018721, 999203448, 882, 999203948, 999203949, 999203951, 999204001, 999204021, 999204022, 999204041, 999204046, 999204047, 999204049, 999204054, 999204053, 455, 999204055, 999204056, 999204037, 456, 999204057, 999204058, 881, 999203940, 876, 1414, 9992053198, 9992053197, 999204042, 1428, 1427, 999193011, 999193017, 448, 438, 999204068, 999204067, 999204765, 999204766, 999204767, 999204787, 999204768, 999204775, 999204756, 999204757]}, {'id': '01a01fa6-ed8b-7630-be1a-430b7c4e7618', 'isFlowAvailable': True, 'diagnosticAreas': [], 'flowPaths': [], 'hasWorkingPumps': False, 'pipesIds': [1041, 1291, 1294, 1297, 1299, 1302, 1303, 1586, 1596, 1598, 1599, 1600, 1669, 999204201, 999204214, 999204215, 999204216, 999204217, 999204222, 999204223, 999204256, 999204621, 999204756, 999204757, 999204759, 999204768, 999204778, 999204779, 999204781, 999204788], 'defaultStatePipeIds': [999205308, 999205316, 999205314, 999205311, 999205309, 999205360, 999205363, 999205364, 999205361, 999205399, 296, 298, 315, 339, 9992053873, 350, 352, 279, 396, 398, 411, 437, 441, 442, 444, 446, 447, 449, 999204036, 529, 530, 531, 537, 999203477, 251692335, 701, 999203995, 716, 721, 722, 729, 712, 845, 849, 853, 871, 869, 875, 999203472, 992, 999, 1011, 1012, 1020, 1039, 999204077, 940097, 934, 935, 961, 962, 966, 968, 960, 928, 929, 953, 954, 956, 958, 952, 919, 922, 945, 946, 948, 950, 944, 911, 914, 915, 940, 942, 9992053865, 9992053382, 1218, 1219, 1220, 1221, 1222, 1225, 1226, 1229, 1231, 1230, 1256, 1259, 1262, 1263, 1289, 1290, 1288, 1292, 1293, 1295, 1296, 1298, 1300, 1301, 1351, 1396, 1416, 1417, 999193039, 1419, 1423, 999204040, 1424, 1426, 1454, 1580, 1581, 1584, 1597, 999192811, 999192859, 999192860, 999192872, 999192884, 999192885, 999192886, 999192887, 999192888, 9992053886, 999192899, 999192900, 999192902, 999192903, 9992053494, 999192907, 999192919, 999192926, 999192933, 999192939, 999192954, 999192955, 999192963, 999192964, 999192973, 999192975, 999192977, 999192981, 999192983, 999192987, 999192988, 999192996, 999192999, 999193000, 999193006, 999193023, 999193009, 999193018, 999193020, 999193022, 999193027, 999193028, 9992054870, 535, 528, 283, 440, 996, 1006, 990162092, 9992052980, 9992052981, 9992052988, 9992052992, 9992053019, 9992053027, 9992053231, 9992053232, 9992053028, 9992053038, 9992053039, 9992053037, 999192982, 9992053040, 9992053095, 9992053093, 9992054128, 9992054129, 9992053098, 9992053127, 9992053128, 9992053495, 9992053493, 9992053160, 9992053159, 9992053510, 9992053228, 9992053227, 9992053226, 9992053262, 9992053261, 9992053260, 999193008, 9992053293, 9992053292, 9992053291, 9992053290, 9992054425, 9992054424, 9992054426, 9992054427, 9992054430, 9992054431, 9992054428, 9992054429, 9992054435, 9992054432, 9992054436, 9992054442, 9992054441, 9992054443, 940062, 990161803, 999018644, 999018645, 999018649, 999018650, 999018658, 999018659, 999018657, 999018674, 999018679, 999018683, 999018687, 999018691, 9992053509, 9992053513, 9992053858, 616, 619, 655, 657, 9992053875, 9992053876, 656, 631, 632, 633, 634, 660, 662, 661, 640, 641, 642, 643, 665, 667, 666, 649, 650, 651, 652, 671, 673, 999203986, 999203987, 999205272, 999205398, 999018723, 999018724, 999018802, 9992053869, 9992053911, 9992053915, 9992054866, 999019182, 999019186, 999019193, 9992053518, 999019194, 999019196, 999019198, 999019197, 990161798, 990161799, 990161800, 990161804, 990161802, 1260, 1257, 990161797, 990161796, 251652277, 999192942, 999192943, 999019255, 999192945, 999192946, 999019257, 999019256, 999019261, 9992054112, 9992054123, 9992054860, 9992054125, 9992054126, 9992054127, 999203945, 990162059, 990162060, 9992054068, 990162065, 990162066, 990162071, 990162067, 990162075, 990162081, 990162087, 990162088, 990162094, 990162098, 990162100, 990162099, 990162170, 999192051, 999203573, 999203671, 999203778, 990162102, 999016148, 990162122, 999205441, 990162077, 990162070, 999204074, 999016147, 999019279, 990162175, 999018715, 999018801, 999018800, 999203673, 999204075, 999203728, 999203729, 999203730, 999203731, 999204076, 999203732, 990162177, 999018653, 999018654, 999018639, 999018640, 999018681, 999018685, 9992054854, 9992054859, 9992054856, 9992054862, 9992054864, 9992054865, 9992054869, 9992054874, 9992054873, 9992054878, 9992054877, 251652278, 251652276, 999203464, 26071, 991, 1001, 999203950, 999203952, 999203450, 999203467, 999203468, 999203462, 9992053000, 9992052997, 9992053007, 9992053008, 9992053015, 9992053016, 9992052995, 9992052993, 9992052990, 999205275, 999203558, 35165821, 999203456, 999203587, 999203588, 999203590, 999018686, 999018678, 999205358, 999205357, 999018673, 999018693, 999018721, 999203448, 882, 999203948, 999203949, 999203951, 999204001, 999204021, 999204022, 999204041, 999204046, 999204047, 999204049, 999204051, 1353, 999192871, 999192882, 1471, 320, 999192918, 999192924, 1455, 9992053506, 9992053507, 9992053511, 9992053512, 1398, 999192932, 999192937, 717, 999019174, 999019180, 999019181, 852, 1233, 1224, 1223, 1227, 1228, 999019259, 999019260, 754, 769, 770, 774, 776, 792, 778, 760, 779, 780, 782, 784, 797, 786, 766, 767, 787, 788, 807, 9992053862, 9992053872, 9992053870, 9992053871, 999019223, 999019226, 999019227, 999019228, 843, 842, 999019244, 999204010, 999019184, 999019185, 1162, 990162032, 999204054, 999204053, 455, 438, 448, 999204055, 999204056, 999204037, 456, 999193017, 999193011, 1427, 1428, 999204042, 9992053197, 9992053198, 1414, 876, 999203940, 881, 999204058, 999204057, 999204068, 999204067, 999204765, 999204766, 999204767, 999204787, 999204775]}, {'id': '01a01fa6-ed8b-7631-b4af-1b1c8111be41', 'isFlowAvailable': False, 'diagnosticAreas': [], 'flowPaths': [], 'hasWorkingPumps': False, 'pipesIds': [], 'defaultStatePipeIds': []}, {'id': '01a01fa6-ed8c-7398-8ea4-fa3f7985836d', 'isFlowAvailable': False, 'diagnosticAreas': [], 'flowPaths': [], 'hasWorkingPumps': False, 'pipesIds': [], 'defaultStatePipeIds': []}, {'id': '01a01fa6-ed8c-7399-80b1-a14fa60bb1bc', 'isFlowAvailable': False, 'diagnosticAreas': [], 'flowPaths': [], 'hasWorkingPumps': False, 'pipesIds': [], 'defaultStatePipeIds': []}, {'id': '01a01fa6-ed8c-739a-99b3-c62aeafd5554', 'isFlowAvailable': False, 'diagnosticAreas': [], 'flowPaths': [], 'hasWorkingPumps': False, 'pipesIds': [], 'defaultStatePipeIds': []}, {'id': '01a01fa6-ed8c-739b-8dda-81431e2bb3c4', 'isFlowAvailable': False, 'diagnosticAreas': [], 'flowPaths': [], 'hasWorkingPumps': False, 'pipesIds': [], 'defaultStatePipeIds': []}, {'id': '01a01fa6-ed8c-739c-958b-820cd5d04141', 'isFlowAvailable': False, 'diagnosticAreas': [], 'flowPaths': [], 'hasWorkingPumps': False, 'pipesIds': [], 'defaultStatePipeIds': []}, {'id': '01a01fa6-ed8c-739d-8b53-6de0b79b227a', 'isFlowAvailable': False, 'diagnosticAreas': [], 'flowPaths': [], 'hasWorkingPumps': False, 'pipesIds': [], 'defaultStatePipeIds': []}, {'id': '01a01fa6-ed8c-739e-870d-b4b96b3d5ae1', 'isFlowAvailable': False, 'diagnosticAreas': [], 'flowPaths': [], 'hasWorkingPumps': False, 'pipesIds': [], 'defaultStatePipeIds': []}, {'id': '01a01fa6-ed8c-739f-aefd-12f86f974a0c', 'isFlowAvailable': False, 'diagnosticAreas': [], 'flowPaths': [], 'hasWorkingPumps': False, 'pipesIds': [], 'defaultStatePipeIds': []}, {'id': '01a01fa6-ed8c-73a0-828b-5a3d9c22c997', 'isFlowAvailable': False, 'diagnosticAreas': [], 'flowPaths': [], 'hasWorkingPumps': False, 'pipesIds': [], 'defaultStatePipeIds': [999205357, 999205358, 999205363, 999018639, 999018640, 999018653, 999018654, 999018657, 999018658, 999018659, 999018673, 999018678, 999018679, 999018681, 999018683, 999018685, 999018686, 999018687, 999018691, 999018693, 999018715, 999018721, 999018723, 999018800, 999018801, 999018802, 990162122, 990162175, 990162177]}, {'id': '01a01fa6-ed8c-73a1-8123-fb48351ce981', 'isFlowAvailable': False, 'diagnosticAreas': [], 'flowPaths': [], 'hasWorkingPumps': False, 'pipesIds': [], 'defaultStatePipeIds': [999205360, 999205361, 999205364, 999018674]}, {'id': '01a01fa6-ed8c-73a3-99bb-748937ace11a', 'isFlowAvailable': True, 'diagnosticAreas': [], 'flowPaths': [], 'hasWorkingPumps': False, 'pipesIds': [999205394, 251692353, 251692356, 251692358, 251692359, 251692362, 251692364, 251692366, 251692370, 251692374, 251692375, 251692376, 251692377, 251692378, 251692386, 251692393, 251692447, 251692448, 251692476, 251692477, 9992054983, 9992054984, 999203569, 999203570, 999203937, 999203938], 'defaultStatePipeIds': [999205308, 999205316, 999205314, 999205311, 999205309, 999205360, 999205363, 999205364, 999205361, 999205399, 296, 298, 315, 339, 9992053873, 350, 352, 279, 396, 398, 411, 437, 441, 442, 444, 446, 447, 449, 999204036, 529, 530, 531, 537, 999203477, 251692335, 701, 999203995, 716, 721, 722, 729, 712, 845, 849, 853, 871, 869, 875, 999203472, 992, 999, 1011, 1012, 1020, 1039, 1041, 1302, 1596, 999204077, 940097, 934, 935, 961, 962, 966, 968, 960, 928, 929, 953, 954, 956, 958, 952, 919, 922, 945, 946, 948, 950, 944, 911, 914, 915, 940, 942, 9992053865, 9992053382, 1218, 1219, 1220, 1221, 1222, 1225, 1226, 1229, 1231, 1230, 1256, 1259, 1262, 1263, 1289, 1290, 1288, 1292, 1293, 1295, 1296, 1298, 1300, 1301, 1351, 1396, 1416, 1417, 999193039, 1419, 1423, 999204040, 1424, 1426, 1454, 1580, 1581, 1584, 1597, 1598, 1599, 1600, 1586, 1669, 1291, 1294, 1297, 1299, 1303, 999192811, 999192859, 999192860, 999192872, 999192884, 999192885, 999192886, 999192887, 999192888, 9992053886, 999192899, 999192900, 999192902, 999192903, 9992053494, 999192907, 999192919, 999192926, 999192933, 999192939, 999192954, 999192955, 999192963, 999192964, 999192973, 999192975, 999192977, 999192981, 999192983, 999192987, 999192988, 999192996, 999192999, 999193000, 999193006, 999193023, 999193009, 999193018, 999193020, 999193022, 999193027, 999193028, 9992054870, 535, 528, 283, 440, 996, 1006, 990162092, 9992052980, 9992052981, 9992052988, 9992052992, 9992053019, 9992053027, 9992053231, 9992053232, 9992053028, 9992053038, 9992053039, 9992053037, 999192982, 9992053040, 9992053095, 9992053093, 9992054128, 9992054129, 9992053098, 9992053127, 9992053128, 9992053495, 9992053493, 9992053160, 9992053159, 9992053510, 9992053228, 9992053227, 9992053226, 9992053262, 9992053261, 9992053260, 999193008, 9992053293, 9992053292, 9992053291, 9992053290, 9992054425, 9992054424, 9992054426, 9992054427, 9992054430, 9992054431, 9992054428, 9992054429, 9992054435, 9992054432, 9992054436, 9992054442, 9992054441, 9992054443, 940062, 990161803, 999018644, 999018645, 999018649, 999018650, 999018658, 999018659, 999018657, 999018674, 999018679, 999018683, 999018687, 999018691, 9992053509, 9992053513, 9992053858, 616, 619, 655, 657, 9992053875, 9992053876, 656, 631, 632, 633, 634, 660, 662, 661, 640, 641, 642, 643, 665, 667, 666, 649, 650, 651, 652, 671, 673, 999203986, 999203987, 999205272, 999205398, 999018723, 999018724, 999018802, 9992053869, 9992053911, 9992053915, 9992054866, 999019182, 999019186, 999019193, 9992053518, 999019194, 999019196, 999019198, 999019197, 990161798, 990161799, 990161800, 990161804, 990161802, 1260, 1257, 990161797, 990161796, 251652277, 999192942, 999192943, 999019255, 999192945, 999192946, 999019257, 999019256, 999019261, 9992054112, 9992054123, 9992054860, 9992054125, 9992054126, 9992054127, 999203945, 990162059, 990162060, 9992054068, 990162065, 990162066, 990162071, 990162067, 990162075, 990162081, 990162087, 990162088, 990162094, 990162098, 990162100, 990162099, 990162170, 999192051, 999203573, 999203671, 999203778, 990162102, 999016148, 990162122, 999205441, 990162077, 990162070, 999204074, 999016147, 999019279, 990162175, 999018715, 999018801, 999018800, 999203673, 999204075, 999203728, 999203729, 999203730, 999203731, 999204076, 999203732, 990162177, 999018653, 999018654, 999018639, 999018640, 999018681, 999018685, 9992054854, 9992054859, 9992054856, 9992054862, 9992054864, 9992054865, 9992054869, 9992054874, 9992054873, 9992054878, 9992054877, 251652278, 251652276, 999203464, 26071, 991, 1001, 999203950, 999203952, 999203450, 999203467, 999203468, 999203462, 9992053000, 9992052997, 9992053007, 9992053008, 9992053015, 9992053016, 9992052995, 9992052993, 9992052990, 999205275, 999203558, 35165821, 999203456, 999203587, 999203588, 999203590, 999018686, 999018678, 999205358, 999205357, 999018673, 999018693, 999018721, 999203448, 882, 999203948, 999203949, 999203951, 999204001, 999204021, 999204022, 999204041, 999204046, 999204047, 999204049, 999204051, 1353, 999192871, 999192882, 1471, 320, 999192918, 999192924, 1455, 9992053506, 9992053507, 9992053511, 9992053512, 1398, 999192932, 999192937, 717, 999019174, 999019180, 999019181, 852, 1233, 1224, 1223, 1227, 1228, 999019259, 999019260, 754, 769, 770, 774, 776, 792, 778, 760, 779, 780, 782, 784, 797, 786, 766, 767, 787, 788, 807, 9992053862, 9992053872, 9992053870, 9992053871, 999019223, 999019226, 999019227, 999019228, 843, 842, 999019244, 999204010, 999019184, 999019185, 1162, 990162032, 999204054, 999204053, 455, 438, 448, 999204055, 999204056, 999204037, 456, 999193017, 999193011, 1427, 1428, 999204042, 9992053197, 9992053198, 1414, 876, 999203940, 881, 999204058, 999204057, 999204068, 999204067, 999204765, 999204766, 999204767, 999204787, 999204768, 999204775, 999204756, 999204757]}, {'id': '01a01fa6-ed8c-73a5-8d94-e12fcc7c6aa4', 'isFlowAvailable': False, 'diagnosticAreas': [], 'flowPaths': [], 'hasWorkingPumps': False, 'pipesIds': [], 'defaultStatePipeIds': [999192811]}, {'id': '01a01fa6-ed8c-73a7-bce3-591e36e596e1', 'isFlowAvailable': False, 'diagnosticAreas': [], 'flowPaths': [], 'hasWorkingPumps': False, 'pipesIds': [], 'defaultStatePipeIds': [999192887, 999192888, 9992053095, 9992053093, 9992053886, 9992054123, 9992054127, 9992054125, 9992054128, 9992054129, 9992054859, 9992054860]}, {'id': '01a01fa6-ed8c-73a9-a402-20a7ea5e15fa', 'isFlowAvailable': False, 'diagnosticAreas': [], 'flowPaths': [], 'hasWorkingPumps': False, 'pipesIds': [], 'defaultStatePipeIds': [283, 9992053098]}, {'id': '01a01fa6-ed8c-73ab-8d82-c3f6ea8c0925', 'isFlowAvailable': False, 'diagnosticAreas': [{'id': 9992054908, 'pipeIds': [1058], 'technologicalPipeIds': [999192885, 999192886, 999192899, 999192900], 'stationaryStatus': 3, 'ldsStatus': 1, 'stationaryStatusReasons': 1, 'ldsStatusReasons': 2, 'pipeSections': []}], 'flowPaths': [{'id': 1013000, 'freeFlows': []}], 'hasWorkingPumps': False, 'pipesIds': [], 'defaultStatePipeIds': [999192885, 999192886, 999192899, 999192900]}, {'id': '01a01fa6-ed8c-73ae-a01c-6c3a1a471483', 'isFlowAvailable': False, 'diagnosticAreas': [], 'flowPaths': [], 'hasWorkingPumps': False, 'pipesIds': [], 'defaultStatePipeIds': [296, 298]}, {'id': '01a01fa6-ed8c-73b0-b65c-f1a8f6446712', 'isFlowAvailable': False, 'diagnosticAreas': [], 'flowPaths': [], 'hasWorkingPumps': False, 'pipesIds': [], 'defaultStatePipeIds': [999192902, 999192903, 999192907, 9992053127, 9992053128, 9992053494, 9992053495, 9992053493, 9992054864]}, {'id': '01a01fa6-ed8c-73b3-b82b-665810b45c8f', 'isFlowAvailable': True, 'diagnosticAreas': [], 'flowPaths': [], 'hasWorkingPumps': False, 'pipesIds': [9992053675, 9992053679, 9992053677, 9992053682, 9992053683, 9992053680, 9992053686, 9992053687, 9992053690, 9992053691, 9992053694, 9992053709, 9992053712, 9992053713, 9992053790, 9992053791, 9992053794, 9992053792, 9992053793, 9992053806, 9992053805, 9992053808, 9992053818, 9992053816, 9992053817, 9992053823, 9992053824, 9992053846, 9992053850, 9992053849, 9992054748, 9992054749, 9992054831, 999203101, 999203115, 999203124, 999203129], 'defaultStatePipeIds': [999205308, 999205316, 999205314, 999205311, 999205309, 999205360, 999205363, 999205364, 999205361, 999205399, 296, 298, 315, 339, 9992053873, 350, 352, 279, 396, 398, 411, 437, 441, 442, 444, 446, 447, 449, 999204036, 529, 530, 531, 537, 999203477, 251692335, 701, 999203995, 716, 721, 722, 729, 712, 845, 849, 853, 871, 869, 875, 999203472, 992, 999, 1011, 1012, 1020, 1039, 1041, 1302, 1596, 999204077, 940097, 934, 935, 961, 962, 966, 968, 960, 928, 929, 953, 954, 956, 958, 952, 919, 922, 945, 946, 948, 950, 944, 911, 914, 915, 940, 942, 9992053865, 9992053382, 1218, 1219, 1220, 1221, 1222, 1225, 1226, 1229, 1231, 1230, 1256, 1259, 1262, 1263, 1289, 1290, 1288, 1292, 1293, 1295, 1296, 1298, 1300, 1301, 1351, 1396, 1416, 1417, 999193039, 1419, 1423, 999204040, 1424, 1426, 1454, 1580, 1581, 1584, 1597, 1598, 1599, 1600, 1586, 1669, 1291, 1294, 1297, 1299, 1303, 999192811, 999192859, 999192860, 999192872, 999192884, 999192885, 999192886, 999192887, 999192888, 9992053886, 999192899, 999192900, 999192902, 999192903, 9992053494, 999192907, 999192919, 999192926, 999192933, 999192939, 999192954, 999192955, 999192963, 999192964, 999192973, 999192975, 999192977, 999192981, 999192983, 999192987, 999192988, 999192996, 999192999, 999193000, 999193006, 999193023, 999193009, 999193018, 999193020, 999193022, 999193027, 999193028, 9992054870, 535, 528, 283, 440, 996, 1006, 990162092, 9992052980, 9992052981, 9992052988, 9992052992, 9992053019, 9992053027, 9992053231, 9992053232, 9992053028, 9992053038, 9992053039, 9992053037, 999192982, 9992053040, 9992053095, 9992053093, 9992054128, 9992054129, 9992053098, 9992053127, 9992053128, 9992053495, 9992053493, 9992053160, 9992053159, 9992053510, 9992053228, 9992053227, 9992053226, 9992053262, 9992053261, 9992053260, 999193008, 9992053293, 9992053292, 9992053291, 9992053290, 9992054425, 9992054424, 9992054426, 9992054427, 9992054430, 9992054431, 9992054428, 9992054429, 9992054435, 9992054432, 9992054436, 9992054442, 9992054441, 9992054443, 940062, 990161803, 999018644, 999018645, 999018649, 999018650, 999018658, 999018659, 999018657, 999018674, 999018679, 999018683, 999018687, 999018691, 9992053509, 9992053513, 9992053858, 616, 619, 655, 657, 9992053875, 9992053876, 656, 631, 632, 633, 634, 660, 662, 661, 640, 641, 642, 643, 665, 667, 666, 649, 650, 651, 652, 671, 673, 999203986, 999203987, 999205272, 999205398, 999018723, 999018724, 999018802, 9992053869, 9992053911, 9992053915, 9992054866, 999019182, 999019186, 999019193, 9992053518, 999019194, 999019196, 999019198, 999019197, 990161798, 990161799, 990161800, 990161804, 990161802, 1260, 1257, 990161797, 990161796, 251652277, 999192942, 999192943, 999019255, 999192945, 999192946, 999019257, 999019256, 999019261, 9992054112, 9992054123, 9992054860, 9992054125, 9992054126, 9992054127, 999203945, 990162059, 990162060, 9992054068, 990162065, 990162066, 990162071, 990162067, 990162075, 990162081, 990162087, 990162088, 990162094, 990162098, 990162100, 990162099, 990162170, 999192051, 999203573, 999203671, 999203778, 990162102, 999016148, 990162122, 999205441, 990162077, 990162070, 999204074, 999016147, 999019279, 990162175, 999018715, 999018801, 999018800, 999203673, 999204075, 999203728, 999203729, 999203730, 999203731, 999204076, 999203732, 990162177, 999018653, 999018654, 999018639, 999018640, 999018681, 999018685, 9992054854, 9992054859, 9992054856, 9992054862, 9992054864, 9992054865, 9992054869, 9992054874, 9992054873, 9992054878, 9992054877, 251652278, 251652276, 999203464, 26071, 991, 1001, 999203950, 999203952, 999203450, 999203467, 999203468, 999203462, 9992053000, 9992052997, 9992053007, 9992053008, 9992053015, 9992053016, 9992052995, 9992052993, 9992052990, 999205275, 999203558, 35165821, 999203456, 999203587, 999203588, 999203590, 999018686, 999018678, 999205358, 999205357, 999018673, 999018693, 999018721, 999203448, 882, 999203948, 999203949, 999203951, 999204001, 999204021, 999204022, 999204041, 999204046, 999204047, 999204049, 999204051, 1353, 999192871, 999192882, 1471, 320, 999192918, 999192924, 1455, 9992053506, 9992053507, 9992053511, 9992053512, 1398, 999192932, 999192937, 717, 999019174, 999019180, 999019181, 852, 1233, 1224, 1223, 1227, 1228, 999019259, 999019260, 754, 769, 770, 774, 776, 792, 778, 760, 779, 780, 782, 784, 797, 786, 766, 767, 787, 788, 807, 9992053862, 9992053872, 9992053870, 9992053871, 999019223, 999019226, 999019227, 999019228, 843, 842, 999019244, 999204010, 999019184, 999019185, 1162, 990162032, 999204054, 999204053, 455, 438, 448, 999204055, 999204056, 999204037, 456, 999193017, 999193011, 1427, 1428, 999204042, 9992053197, 9992053198, 1414, 876, 999203940, 881, 999204058, 999204057, 999204068, 999204067, 999204765, 999204766, 999204767, 999204787, 999204768, 999204775, 999204756, 999204757]}, {'id': '01a01fa6-ed8c-73b4-b017-44eb97f7a070', 'isFlowAvailable': False, 'diagnosticAreas': [{'id': 9992054909, 'pipeIds': [1094], 'technologicalPipeIds': [441, 442, 446, 444], 'stationaryStatus': 3, 'ldsStatus': 1, 'stationaryStatusReasons': 1, 'ldsStatusReasons': 2, 'pipeSections': []}], 'flowPaths': [{'id': 1013000, 'freeFlows': []}], 'hasWorkingPumps': False, 'pipesIds': [], 'defaultStatePipeIds': [441, 442, 444, 446]}, {'id': '01a01fa6-ed8c-73b6-87c7-a73eb0c47e39', 'isFlowAvailable': False, 'diagnosticAreas': [], 'flowPaths': [], 'hasWorkingPumps': False, 'pipesIds': [], 'defaultStatePipeIds': [339, 9992053873]}, {'id': '01a01fa6-ed8c-73b7-9a70-c68f2f876e8e', 'isFlowAvailable': False, 'diagnosticAreas': [], 'flowPaths': [], 'hasWorkingPumps': False, 'pipesIds': [], 'defaultStatePipeIds': [350, 352]}, {'id': '01a01fa6-ed8c-73bb-86bb-e21b28f19282', 'isFlowAvailable': False, 'diagnosticAreas': [], 'flowPaths': [], 'hasWorkingPumps': False, 'pipesIds': [], 'defaultStatePipeIds': [396, 398]}, {'id': '01a01fa6-ed8c-73bf-9a6c-600d578d2f1d', 'isFlowAvailable': False, 'diagnosticAreas': [], 'flowPaths': [], 'hasWorkingPumps': False, 'pipesIds': [], 'defaultStatePipeIds': [440, 999204022]}, {'id': '01a01fa6-ed8c-73c4-871f-9ea487264450', 'isFlowAvailable': False, 'diagnosticAreas': [], 'flowPaths': [], 'hasWorkingPumps': False, 'pipesIds': [], 'defaultStatePipeIds': [449, 999204036]}, {'id': '01a01fa6-ed8c-73c6-b935-6b62c0d83395', 'isFlowAvailable': False, 'diagnosticAreas': [{'id': 9992054915, 'pipeIds': [1474, 1478], 'technologicalPipeIds': [528, 535, 529, 537, 1011, 1012], 'stationaryStatus': 3, 'ldsStatus': 1, 'stationaryStatusReasons': 1, 'ldsStatusReasons': 2, 'pipeSections': [{'pipeId': 1474, 'leftFlowMeterId': 9992054292, 'rightFlowMeterId': None}]}], 'flowPaths': [{'id': 1011007, 'freeFlows': [{'pipeId': 1478, 'startCoordinate': 240936.0, 'startHeight': 463.25, 'endHeight': 560.52}]}], 'hasWorkingPumps': False, 'pipesIds': [], 'defaultStatePipeIds': [528, 529, 535, 537, 991, 992, 999, 1001, 1011, 1012, 26071, 999203945, 999203950, 999203951, 999203952]}, {'id': '01a01fa6-ed8c-73c8-b1e3-ca392773c6bb', 'isFlowAvailable': False, 'diagnosticAreas': [], 'flowPaths': [], 'hasWorkingPumps': False, 'pipesIds': [], 'defaultStatePipeIds': [530, 531]}, {'id': '01a01fa6-ed8c-73cb-a19b-bf5089f05f34', 'isFlowAvailable': True, 'diagnosticAreas': [], 'flowPaths': [], 'hasWorkingPumps': False, 'pipesIds': [9992053393, 9992053400, 9992053404, 9992053435, 9992053436, 9992053450, 9992053451, 9992053449, 9992053452, 9992053867, 999203485, 999203499, 999203501, 999203502, 999203503, 999203515, 999203518, 999203519, 999203520, 999203522, 999203523, 999203524, 999203529, 999203530, 999203532, 999203533, 999203545, 999203546, 999203547, 999203548, 999203549, 999203550, 999203551, 999203552, 999203554, 999203555, 999203923, 999203924, 999204116, 999204132, 999204133, 999204134, 999204135, 999204136, 999204137, 999204179, 999204814], 'defaultStatePipeIds': [999205308, 999205316, 999205314, 999205311, 999205309, 999205360, 999205363, 999205364, 999205361, 999205399, 296, 298, 315, 339, 9992053873, 350, 352, 279, 396, 398, 411, 437, 441, 442, 444, 446, 447, 449, 999204036, 529, 530, 531, 537, 999203477, 251692335, 701, 999203995, 716, 721, 722, 729, 712, 845, 849, 853, 871, 869, 875, 999203472, 992, 999, 1011, 1012, 1020, 1039, 1041, 1302, 1596, 999204077, 940097, 934, 935, 961, 962, 966, 968, 960, 928, 929, 953, 954, 956, 958, 952, 919, 922, 945, 946, 948, 950, 944, 911, 914, 915, 940, 942, 9992053865, 9992053382, 1218, 1219, 1220, 1221, 1222, 1225, 1226, 1229, 1231, 1230, 1256, 1259, 1262, 1263, 1289, 1290, 1288, 1292, 1293, 1295, 1296, 1298, 1300, 1301, 1351, 1396, 1416, 1417, 999193039, 1419, 1423, 999204040, 1424, 1426, 1454, 1580, 1581, 1584, 1597, 1598, 1599, 1600, 1586, 1669, 1291, 1294, 1297, 1299, 1303, 999192811, 999192859, 999192860, 999192872, 999192884, 999192885, 999192886, 999192887, 999192888, 9992053886, 999192899, 999192900, 999192902, 999192903, 9992053494, 999192907, 999192919, 999192926, 999192933, 999192939, 999192954, 999192955, 999192963, 999192964, 999192973, 999192975, 999192977, 999192981, 999192983, 999192987, 999192988, 999192996, 999192999, 999193000, 999193006, 999193023, 999193009, 999193018, 999193020, 999193022, 999193027, 999193028, 9992054870, 535, 528, 283, 440, 996, 1006, 990162092, 9992052980, 9992052981, 9992052988, 9992052992, 9992053019, 9992053027, 9992053231, 9992053232, 9992053028, 9992053038, 9992053039, 9992053037, 999192982, 9992053040, 9992053095, 9992053093, 9992054128, 9992054129, 9992053098, 9992053127, 9992053128, 9992053495, 9992053493, 9992053160, 9992053159, 9992053510, 9992053228, 9992053227, 9992053226, 9992053262, 9992053261, 9992053260, 999193008, 9992053293, 9992053292, 9992053291, 9992053290, 9992054425, 9992054424, 9992054426, 9992054427, 9992054430, 9992054431, 9992054428, 9992054429, 9992054435, 9992054432, 9992054436, 9992054442, 9992054441, 9992054443, 940062, 990161803, 999018644, 999018645, 999018649, 999018650, 999018658, 999018659, 999018657, 999018674, 999018679, 999018683, 999018687, 999018691, 9992053509, 9992053513, 9992053858, 616, 619, 655, 657, 9992053875, 9992053876, 656, 631, 632, 633, 634, 660, 662, 661, 640, 641, 642, 643, 665, 667, 666, 649, 650, 651, 652, 671, 673, 999203986, 999203987, 999205272, 999205398, 999018723, 999018724, 999018802, 9992053869, 9992053911, 9992053915, 9992054866, 999019182, 999019186, 999019193, 9992053518, 999019194, 999019196, 999019198, 999019197, 990161798, 990161799, 990161800, 990161804, 990161802, 1260, 1257, 990161797, 990161796, 251652277, 999192942, 999192943, 999019255, 999192945, 999192946, 999019257, 999019256, 999019261, 9992054112, 9992054123, 9992054860, 9992054125, 9992054126, 9992054127, 999203945, 990162059, 990162060, 9992054068, 990162065, 990162066, 990162071, 990162067, 990162075, 990162081, 990162087, 990162088, 990162094, 990162098, 990162100, 990162099, 990162170, 999192051, 999203573, 999203671, 999203778, 990162102, 999016148, 990162122, 999205441, 990162077, 990162070, 999204074, 999016147, 999019279, 990162175, 999018715, 999018801, 999018800, 999203673, 999204075, 999203728, 999203729, 999203730, 999203731, 999204076, 999203732, 990162177, 999018653, 999018654, 999018639, 999018640, 999018681, 999018685, 9992054854, 9992054859, 9992054856, 9992054862, 9992054864, 9992054865, 9992054869, 9992054874, 9992054873, 9992054878, 9992054877, 251652278, 251652276, 999203464, 26071, 991, 1001, 999203950, 999203952, 999203450, 999203467, 999203468, 999203462, 9992053000, 9992052997, 9992053007, 9992053008, 9992053015, 9992053016, 9992052995, 9992052993, 9992052990, 999205275, 999203558, 35165821, 999203456, 999203587, 999203588, 999203590, 999018686, 999018678, 999205358, 999205357, 999018673, 999018693, 999018721, 999203448, 882, 999203948, 999203949, 999203951, 999204001, 999204021, 999204022, 999204041, 999204046, 999204047, 999204049, 999204051, 1353, 999192871, 999192882, 1471, 320, 999192918, 999192924, 1455, 9992053506, 9992053507, 9992053511, 9992053512, 1398, 999192932, 999192937, 717, 999019174, 999019180, 999019181, 852, 1233, 1224, 1223, 1227, 1228, 999019259, 999019260, 754, 769, 770, 774, 776, 792, 778, 760, 779, 780, 782, 784, 797, 786, 766, 767, 787, 788, 807, 9992053862, 9992053872, 9992053870, 9992053871, 999019223, 999019226, 999019227, 999019228, 843, 842, 999019244, 999204010, 999019184, 999019185, 1162, 990162032, 999204054, 999204053, 455, 438, 448, 999204055, 999204056, 999204037, 456, 999193017, 999193011, 1427, 1428, 999204042, 9992053197, 9992053198, 1414, 876, 999203940, 881, 999204058, 999204057, 999204068, 999204067, 999204765, 999204766, 999204767, 999204787, 999204768, 999204775, 999204756, 999204757]}, {'id': '01a01fa6-ed8d-7585-a7e3-a12ac5bac32b', 'isFlowAvailable': False, 'diagnosticAreas': [], 'flowPaths': [], 'hasWorkingPumps': False, 'pipesIds': [], 'defaultStatePipeIds': [701, 999203995]}, {'id': '01a01fa6-ed8d-7588-9cdb-e067ecb5df87', 'isFlowAvailable': False, 'diagnosticAreas': [], 'flowPaths': [], 'hasWorkingPumps': False, 'pipesIds': [], 'defaultStatePipeIds': [712, 729]}, {'id': '01a01fa6-ed8d-758b-abe6-51a1d764abb0', 'isFlowAvailable': False, 'diagnosticAreas': [], 'flowPaths': [], 'hasWorkingPumps': False, 'pipesIds': [], 'defaultStatePipeIds': [721, 722]}, {'id': '01a01fa6-ed8d-758e-8718-9ef0786ef592', 'isFlowAvailable': True, 'diagnosticAreas': [], 'flowPaths': [], 'hasWorkingPumps': False, 'pipesIds': [999203588, 999203590, 999203593, 999203594, 999203599, 999203609, 999203610, 999203611, 999203618, 999203622, 999203626, 999203627, 999203628, 999203629, 999203660, 999203664, 999203670, 999203673, 999203674, 999203675, 999203691, 999203692, 999203702, 999203703, 999203707, 999203708, 999203709, 999203711, 999203728, 999203729, 999203730, 999203731, 999203732, 999204075, 999204076], 'defaultStatePipeIds': [999205308, 999205316, 999205314, 999205311, 999205309, 999205360, 999205363, 999205364, 999205361, 999205399, 296, 298, 315, 339, 9992053873, 350, 352, 279, 396, 398, 411, 437, 441, 442, 444, 446, 447, 449, 999204036, 529, 530, 531, 537, 999203477, 251692335, 701, 999203995, 716, 721, 722, 729, 712, 845, 849, 853, 871, 869, 875, 999203472, 992, 999, 1011, 1012, 1020, 1039, 1041, 1302, 1596, 999204077, 940097, 934, 935, 961, 962, 966, 968, 960, 928, 929, 953, 954, 956, 958, 952, 919, 922, 945, 946, 948, 950, 944, 911, 914, 915, 940, 942, 9992053865, 9992053382, 1218, 1219, 1220, 1221, 1222, 1225, 1226, 1229, 1231, 1230, 1256, 1259, 1262, 1263, 1289, 1290, 1288, 1292, 1293, 1295, 1296, 1298, 1300, 1301, 1351, 1396, 1416, 1417, 999193039, 1419, 1423, 999204040, 1424, 1426, 1454, 1580, 1581, 1584, 1597, 1598, 1599, 1600, 1586, 1669, 1291, 1294, 1297, 1299, 1303, 999192811, 999192859, 999192860, 999192872, 999192884, 999192885, 999192886, 999192887, 999192888, 9992053886, 999192899, 999192900, 999192902, 999192903, 9992053494, 999192907, 999192919, 999192926, 999192933, 999192939, 999192954, 999192955, 999192963, 999192964, 999192973, 999192975, 999192977, 999192981, 999192983, 999192987, 999192988, 999192996, 999192999, 999193000, 999193006, 999193023, 999193009, 999193018, 999193020, 999193022, 999193027, 999193028, 9992054870, 535, 528, 283, 440, 996, 1006, 990162092, 9992052980, 9992052981, 9992052988, 9992052992, 9992053019, 9992053027, 9992053231, 9992053232, 9992053028, 9992053038, 9992053039, 9992053037, 999192982, 9992053040, 9992053095, 9992053093, 9992054128, 9992054129, 9992053098, 9992053127, 9992053128, 9992053495, 9992053493, 9992053160, 9992053159, 9992053510, 9992053228, 9992053227, 9992053226, 9992053262, 9992053261, 9992053260, 999193008, 9992053293, 9992053292, 9992053291, 9992053290, 9992054425, 9992054424, 9992054426, 9992054427, 9992054430, 9992054431, 9992054428, 9992054429, 9992054435, 9992054432, 9992054436, 9992054442, 9992054441, 9992054443, 940062, 990161803, 999018644, 999018645, 999018649, 999018650, 999018658, 999018659, 999018657, 999018674, 999018679, 999018683, 999018687, 999018691, 9992053509, 9992053513, 9992053858, 616, 619, 655, 657, 9992053875, 9992053876, 656, 631, 632, 633, 634, 660, 662, 661, 640, 641, 642, 643, 665, 667, 666, 649, 650, 651, 652, 671, 673, 999203986, 999203987, 999205272, 999205398, 999018723, 999018724, 999018802, 9992053869, 9992053911, 9992053915, 9992054866, 999019182, 999019186, 999019193, 9992053518, 999019194, 999019196, 999019198, 999019197, 990161798, 990161799, 990161800, 990161804, 990161802, 1260, 1257, 990161797, 990161796, 251652277, 999192942, 999192943, 999019255, 999192945, 999192946, 999019257, 999019256, 999019261, 9992054112, 9992054123, 9992054860, 9992054125, 9992054126, 9992054127, 999203945, 990162059, 990162060, 9992054068, 990162065, 990162066, 990162071, 990162067, 990162075, 990162081, 990162087, 990162088, 990162094, 990162098, 990162100, 990162099, 990162170, 999192051, 999203573, 999203671, 999203778, 990162102, 999016148, 990162122, 999205441, 990162077, 990162070, 999204074, 999016147, 999019279, 990162175, 999018715, 999018801, 999018800, 990162177, 999018653, 999018654, 999018639, 999018640, 999018681, 999018685, 9992054854, 9992054859, 9992054856, 9992054862, 9992054864, 9992054865, 9992054869, 9992054874, 9992054873, 9992054878, 9992054877, 251652278, 251652276, 999203464, 26071, 991, 1001, 999203950, 999203952, 999203450, 999203467, 999203468, 999203462, 9992053000, 9992052997, 9992053007, 9992053008, 9992053015, 9992053016, 9992052995, 9992052993, 9992052990, 999205275, 999203558, 35165821, 999203456, 999203587, 999018686, 999018678, 999205358, 999205357, 999018673, 999018693, 999018721, 999203448, 882, 999203948, 999203949, 999203951, 999204001, 999204021, 999204022, 999204041, 999204046, 999204047, 999204049, 999204051, 1353, 999192871, 999192882, 1471, 320, 999192918, 999192924, 1455, 9992053506, 9992053507, 9992053511, 9992053512, 1398, 999192932, 999192937, 717, 999019174, 999019180, 999019181, 852, 1233, 1224, 1223, 1227, 1228, 999019259, 999019260, 754, 769, 770, 774, 776, 792, 778, 760, 779, 780, 782, 784, 797, 786, 766, 767, 787, 788, 807, 9992053862, 9992053872, 9992053870, 9992053871, 999019223, 999019226, 999019227, 999019228, 843, 842, 999019244, 999204010, 999019184, 999019185, 1162, 990162032, 999204054, 999204053, 455, 438, 448, 999204055, 999204056, 999204037, 456, 999193017, 999193011, 1427, 1428, 999204042, 9992053197, 9992053198, 1414, 876, 999203940, 881, 999204058, 999204057, 999204068, 999204067, 999204765, 999204766, 999204767, 999204787, 999204768, 999204775, 999204756, 999204757]}, {'id': '01a01fa6-ed8d-7590-8ec9-de294e09a248', 'isFlowAvailable': False, 'diagnosticAreas': [], 'flowPaths': [], 'hasWorkingPumps': False, 'pipesIds': [], 'defaultStatePipeIds': [869, 871]}, {'id': '01a01fa6-ed8d-7592-8eda-4509746553f0', 'isFlowAvailable': False, 'diagnosticAreas': [], 'flowPaths': [], 'hasWorkingPumps': False, 'pipesIds': [], 'defaultStatePipeIds': []}, {'id': '01a01fa6-ed8d-7593-941b-8274e57f40d1', 'isFlowAvailable': False, 'diagnosticAreas': [], 'flowPaths': [], 'hasWorkingPumps': False, 'pipesIds': [], 'defaultStatePipeIds': []}, {'id': '01a01fa6-ed8d-7594-adee-db80a92ee58e', 'isFlowAvailable': False, 'diagnosticAreas': [], 'flowPaths': [], 'hasWorkingPumps': False, 'pipesIds': [], 'defaultStatePipeIds': []}, {'id': '01a01fa6-ed8d-7596-baca-2b5543b259cc', 'isFlowAvailable': False, 'diagnosticAreas': [], 'flowPaths': [], 'hasWorkingPumps': False, 'pipesIds': [], 'defaultStatePipeIds': [996, 999203948]}, {'id': '01a01fa6-ed8d-7599-8568-ace20f6f681d', 'isFlowAvailable': False, 'diagnosticAreas': [], 'flowPaths': [], 'hasWorkingPumps': False, 'pipesIds': [], 'defaultStatePipeIds': [1006, 9992053869]}, {'id': '01a01fa6-ed8d-759c-98e7-f5a2fc34d6a6', 'isFlowAvailable': False, 'diagnosticAreas': [], 'flowPaths': [], 'hasWorkingPumps': False, 'pipesIds': [], 'defaultStatePipeIds': []}, {'id': '01a01fa6-ed8d-759f-9ef4-34df7e8860b1', 'isFlowAvailable': False, 'diagnosticAreas': [], 'flowPaths': [], 'hasWorkingPumps': False, 'pipesIds': [], 'defaultStatePipeIds': [1221, 1225]}, {'id': '01a01fa6-ed8d-75a1-9569-1de4b630fac9', 'isFlowAvailable': False, 'diagnosticAreas': [], 'flowPaths': [], 'hasWorkingPumps': False, 'pipesIds': [], 'defaultStatePipeIds': [1222, 1226]}, {'id': '01a01fa6-ed8d-75a5-8a45-fe951403c93b', 'isFlowAvailable': False, 'diagnosticAreas': [], 'flowPaths': [], 'hasWorkingPumps': False, 'pipesIds': [], 'defaultStatePipeIds': [1259, 1262]}, {'id': '01a01fa6-ed8d-75a8-ae0d-e06b7910ad4b', 'isFlowAvailable': False, 'diagnosticAreas': [], 'flowPaths': [], 'hasWorkingPumps': False, 'pipesIds': [], 'defaultStatePipeIds': [1292, 1295]}, {'id': '01a01fa6-ed8d-75aa-b78b-0b55d8edafcd', 'isFlowAvailable': False, 'diagnosticAreas': [], 'flowPaths': [], 'hasWorkingPumps': False, 'pipesIds': [], 'defaultStatePipeIds': [1293, 1296]}, {'id': '01a01fa6-ed8d-75ae-b50e-b9d16ee5dd0a', 'isFlowAvailable': False, 'diagnosticAreas': [], 'flowPaths': [], 'hasWorkingPumps': False, 'pipesIds': [], 'defaultStatePipeIds': [1417, 999193039]}, {'id': '01a01fa6-ed8d-75b0-9be8-115383d5c807', 'isFlowAvailable': False, 'diagnosticAreas': [], 'flowPaths': [], 'hasWorkingPumps': False, 'pipesIds': [], 'defaultStatePipeIds': [1423, 999204040]}, {'id': '01a01fa6-ed8d-75b3-b371-2eddf2925f14', 'isFlowAvailable': False, 'diagnosticAreas': [], 'flowPaths': [], 'hasWorkingPumps': False, 'pipesIds': [], 'defaultStatePipeIds': [1580, 1581]}, {'id': '01a01fa6-ed8d-75b7-8a0f-52e192f58d12', 'isFlowAvailable': False, 'diagnosticAreas': [], 'flowPaths': [], 'hasWorkingPumps': False, 'pipesIds': [], 'defaultStatePipeIds': []}, {'id': '01a01fa6-ed8d-75b9-8c40-4090b38de735', 'isFlowAvailable': False, 'diagnosticAreas': [], 'flowPaths': [], 'hasWorkingPumps': False, 'pipesIds': [], 'defaultStatePipeIds': []}, {'id': '01a01fa6-ed8d-75bc-aa81-4c8b2df4faa1', 'isFlowAvailable': False, 'diagnosticAreas': [], 'flowPaths': [], 'hasWorkingPumps': False, 'pipesIds': [], 'defaultStatePipeIds': [999192859, 999192860]}, {'id': '01a01fa6-ed8d-75bf-8cf3-30c7f56bfeb6', 'isFlowAvailable': False, 'diagnosticAreas': [], 'flowPaths': [], 'hasWorkingPumps': False, 'pipesIds': [], 'defaultStatePipeIds': [999192872]}, {'id': '01a01fa6-ed8d-75c1-b9dc-d1cf9e46da36', 'isFlowAvailable': False, 'diagnosticAreas': [], 'flowPaths': [], 'hasWorkingPumps': False, 'pipesIds': [], 'defaultStatePipeIds': [999192884]}, {'id': '01a01fa6-ed8d-75c3-894f-0989bd54ef3d', 'isFlowAvailable': False, 'diagnosticAreas': [], 'flowPaths': [], 'hasWorkingPumps': False, 'pipesIds': [], 'defaultStatePipeIds': [9992054126]}, {'id': '01a01fa6-ed8d-75c5-a715-4fbfc8904d22', 'isFlowAvailable': False, 'diagnosticAreas': [], 'flowPaths': [], 'hasWorkingPumps': False, 'pipesIds': [], 'defaultStatePipeIds': [9992053915, 9992054862, 9992054866, 9992054865]}, {'id': '01a01fa6-ed8d-75c7-94db-37b7798b1319', 'isFlowAvailable': False, 'diagnosticAreas': [], 'flowPaths': [], 'hasWorkingPumps': False, 'pipesIds': [], 'defaultStatePipeIds': [9992053911]}, {'id': '01a01fa6-ed8d-75c9-81b4-9f8f0106314c', 'isFlowAvailable': False, 'diagnosticAreas': [], 'flowPaths': [], 'hasWorkingPumps': False, 'pipesIds': [], 'defaultStatePipeIds': [999192919]}, {'id': '01a01fa6-ed8d-75cb-a5b8-5ab489a0e27f', 'isFlowAvailable': False, 'diagnosticAreas': [], 'flowPaths': [], 'hasWorkingPumps': False, 'pipesIds': [], 'defaultStatePipeIds': [999192926]}, {'id': '01a01fa6-ed8d-75cd-93c4-5f837d5ccf39', 'isFlowAvailable': False, 'diagnosticAreas': [], 'flowPaths': [], 'hasWorkingPumps': False, 'pipesIds': [], 'defaultStatePipeIds': [999192933]}, {'id': '01a01fa6-ed8d-75cf-8682-598ee30da9e2', 'isFlowAvailable': False, 'diagnosticAreas': [], 'flowPaths': [], 'hasWorkingPumps': False, 'pipesIds': [], 'defaultStatePipeIds': [999192939]}, {'id': '01a01fa6-ed8d-75d0-96e9-ca47a8f2ceae', 'isFlowAvailable': False, 'diagnosticAreas': [], 'flowPaths': [], 'hasWorkingPumps': False, 'pipesIds': [], 'defaultStatePipeIds': [999192942, 999192943, 999192945, 999192946, 999019255, 999019256, 999019257]}, {'id': '01a01fa6-ed8d-75d1-bef1-f184641d73bc', 'isFlowAvailable': False, 'diagnosticAreas': [], 'flowPaths': [], 'hasWorkingPumps': False, 'pipesIds': [], 'defaultStatePipeIds': [999192954, 999192955]}, {'id': '01a01fa6-ed8d-75d4-97e5-d4d55537b40b', 'isFlowAvailable': False, 'diagnosticAreas': [], 'flowPaths': [], 'hasWorkingPumps': False, 'pipesIds': [], 'defaultStatePipeIds': [999192963, 999192964]}, {'id': '01a01fa6-ed8d-75d6-8df6-555832cccbb2', 'isFlowAvailable': False, 'diagnosticAreas': [], 'flowPaths': [], 'hasWorkingPumps': False, 'pipesIds': [], 'defaultStatePipeIds': [999192973, 999192981, 999192982, 9992053038, 9992053039, 9992053037, 9992053290, 9992053291, 9992053292, 9992053293, 9992054877]}, {'id': '01a01fa6-ed8d-75d8-a27c-b8b52b60851c', 'isFlowAvailable': False, 'diagnosticAreas': [], 'flowPaths': [], 'hasWorkingPumps': False, 'pipesIds': [], 'defaultStatePipeIds': [999192975, 999192977]}, {'id': '01a01fa6-ed8d-75da-ac17-865ad5633897', 'isFlowAvailable': False, 'diagnosticAreas': [{'id': 9992054909, 'pipeIds': [999193002], 'technologicalPipeIds': [999192987, 999192988, 999193022, 999192999], 'stationaryStatus': 3, 'ldsStatus': 1, 'stationaryStatusReasons': 1, 'ldsStatusReasons': 2, 'pipeSections': []}], 'flowPaths': [{'id': 1013000, 'freeFlows': []}], 'hasWorkingPumps': False, 'pipesIds': [], 'defaultStatePipeIds': [999192987, 999192988, 999192999, 999193022]}, {'id': '01a01fa6-ed8d-75dd-aeb6-187f947a30c0', 'isFlowAvailable': False, 'diagnosticAreas': [], 'flowPaths': [], 'hasWorkingPumps': False, 'pipesIds': [], 'defaultStatePipeIds': [999192983]}, {'id': '01a01fa6-ed8d-75de-9842-7f508b467a12', 'isFlowAvailable': False, 'diagnosticAreas': [], 'flowPaths': [], 'hasWorkingPumps': False, 'pipesIds': [], 'defaultStatePipeIds': [999193006, 999193023]}, {'id': '01a01fa6-ed8d-75e0-a533-6f2382ee93b0', 'isFlowAvailable': False, 'diagnosticAreas': [], 'flowPaths': [], 'hasWorkingPumps': False, 'pipesIds': [], 'defaultStatePipeIds': [999193000, 999193008, 999193009, 9992053019, 9992053027, 9992053231, 9992053232, 9992053262, 9992053260, 9992053261, 9992054878]}, {'id': '01a01fa6-ed8d-75e2-88f6-31c126350b8f', 'isFlowAvailable': False, 'diagnosticAreas': [], 'flowPaths': [], 'hasWorkingPumps': False, 'pipesIds': [], 'defaultStatePipeIds': [999192996]}, {'id': '01a01fa6-ed8d-75e6-a6e2-a626b7a0d702', 'isFlowAvailable': False, 'diagnosticAreas': [], 'flowPaths': [], 'hasWorkingPumps': False, 'pipesIds': [], 'defaultStatePipeIds': [999193027, 999193028]}, {'id': '01a01fa6-ed8d-75e8-b72e-2e3c68fe79a2', 'isFlowAvailable': False, 'diagnosticAreas': [], 'flowPaths': [], 'hasWorkingPumps': False, 'pipesIds': [], 'defaultStatePipeIds': [990162081, 990162092]}, {'id': '01a01fa6-ed8d-75ea-99d4-fbc2f538278c', 'isFlowAvailable': False, 'diagnosticAreas': [], 'flowPaths': [], 'hasWorkingPumps': False, 'pipesIds': [], 'defaultStatePipeIds': [9992052980]}, {'id': '01a01fa6-ed8d-75eb-87ee-6de1613e269c', 'isFlowAvailable': False, 'diagnosticAreas': [], 'flowPaths': [], 'hasWorkingPumps': False, 'pipesIds': [], 'defaultStatePipeIds': []}, {'id': '01a01fa6-ed8d-75ec-8213-3b0cb3f96d69', 'isFlowAvailable': False, 'diagnosticAreas': [], 'flowPaths': [], 'hasWorkingPumps': False, 'pipesIds': [], 'defaultStatePipeIds': []}, {'id': '01a01fa6-ed8d-75ee-a298-23ff3ec6f2c5', 'isFlowAvailable': False, 'diagnosticAreas': [], 'flowPaths': [], 'hasWorkingPumps': False, 'pipesIds': [], 'defaultStatePipeIds': [9992052988]}, {'id': '01a01fa6-ed8d-75f0-8275-8b6c9bb379bc', 'isFlowAvailable': False, 'diagnosticAreas': [], 'flowPaths': [], 'hasWorkingPumps': False, 'pipesIds': [], 'defaultStatePipeIds': [9992053028]}, {'id': '01a01fa6-ed8d-75f1-a9ec-2ce91aab37e8', 'isFlowAvailable': False, 'diagnosticAreas': [], 'flowPaths': [], 'hasWorkingPumps': False, 'pipesIds': [], 'defaultStatePipeIds': []}, {'id': '01a01fa6-ed8d-75f3-b07d-db649942f78a', 'isFlowAvailable': False, 'diagnosticAreas': [], 'flowPaths': [], 'hasWorkingPumps': False, 'pipesIds': [], 'defaultStatePipeIds': [9992053040]}, {'id': '01a01fa6-ed8d-75f4-bc95-6eb0adc67730', 'isFlowAvailable': False, 'diagnosticAreas': [], 'flowPaths': [], 'hasWorkingPumps': False, 'pipesIds': [], 'defaultStatePipeIds': []}, {'id': '01a01fa6-ed8d-75f6-b584-497f6684820a', 'isFlowAvailable': False, 'diagnosticAreas': [], 'flowPaths': [], 'hasWorkingPumps': False, 'pipesIds': [], 'defaultStatePipeIds': []}, {'id': '01a01fa6-ed8d-75f7-8d9d-2eb4d135cf72', 'isFlowAvailable': False, 'diagnosticAreas': [], 'flowPaths': [], 'hasWorkingPumps': False, 'pipesIds': [], 'defaultStatePipeIds': []}, {'id': '01a01fa6-ed8d-75f8-8eeb-4024429297f2', 'isFlowAvailable': False, 'diagnosticAreas': [], 'flowPaths': [], 'hasWorkingPumps': False, 'pipesIds': [], 'defaultStatePipeIds': []}, {'id': '01a01fa6-ed8d-75f9-8d27-d68e2e491c69', 'isFlowAvailable': False, 'diagnosticAreas': [], 'flowPaths': [], 'hasWorkingPumps': False, 'pipesIds': [], 'defaultStatePipeIds': []}, {'id': '01a01fa6-ed8d-75fa-98e2-260ef7df430a', 'isFlowAvailable': False, 'diagnosticAreas': [], 'flowPaths': [], 'hasWorkingPumps': False, 'pipesIds': [], 'defaultStatePipeIds': []}, {'id': '01a01fa6-ed8d-75fb-89f8-7b3a86159665', 'isFlowAvailable': False, 'diagnosticAreas': [], 'flowPaths': [], 'hasWorkingPumps': False, 'pipesIds': [], 'defaultStatePipeIds': []}, {'id': '01a01fa6-ed8d-75fc-9894-d52bb3d19e0a', 'isFlowAvailable': False, 'diagnosticAreas': [], 'flowPaths': [], 'hasWorkingPumps': False, 'pipesIds': [], 'defaultStatePipeIds': []}, {'id': '01a01fa6-ed8d-75fd-935c-fbb3e32ce1c8', 'isFlowAvailable': False, 'diagnosticAreas': [], 'flowPaths': [], 'hasWorkingPumps': False, 'pipesIds': [], 'defaultStatePipeIds': []}, {'id': '01a01fa6-ed8d-7604-8ab8-9fdc0e978fa4', 'isFlowAvailable': False, 'diagnosticAreas': [], 'flowPaths': [], 'hasWorkingPumps': False, 'pipesIds': [], 'defaultStatePipeIds': []}, {'id': '01a01fa6-ed8d-7606-b421-ef10dec187f5', 'isFlowAvailable': False, 'diagnosticAreas': [], 'flowPaths': [], 'hasWorkingPumps': False, 'pipesIds': [], 'defaultStatePipeIds': []}, {'id': '01a01fa6-ed8d-7608-bedc-989fcb9af1fa', 'isFlowAvailable': False, 'diagnosticAreas': [], 'flowPaths': [], 'hasWorkingPumps': False, 'pipesIds': [], 'defaultStatePipeIds': []}, {'id': '01a01fa6-ed8d-760a-b525-75a8a175c50e', 'isFlowAvailable': False, 'diagnosticAreas': [], 'flowPaths': [], 'hasWorkingPumps': False, 'pipesIds': [], 'defaultStatePipeIds': []}, {'id': '01a01fa6-ed8d-760c-93ff-2ef779d3923f', 'isFlowAvailable': False, 'diagnosticAreas': [], 'flowPaths': [], 'hasWorkingPumps': False, 'pipesIds': [], 'defaultStatePipeIds': []}, {'id': '01a01fa6-ed8e-77a8-92c7-70fa2f20e192', 'isFlowAvailable': False, 'diagnosticAreas': [], 'flowPaths': [], 'hasWorkingPumps': False, 'pipesIds': [], 'defaultStatePipeIds': []}, {'id': '01a01fa6-ed8e-77aa-8820-bfd5453564ea', 'isFlowAvailable': False, 'diagnosticAreas': [], 'flowPaths': [], 'hasWorkingPumps': False, 'pipesIds': [], 'defaultStatePipeIds': []}, {'id': '01a01fa6-ed8e-77ac-a3ac-5c749bbaeeb9', 'isFlowAvailable': False, 'diagnosticAreas': [], 'flowPaths': [], 'hasWorkingPumps': False, 'pipesIds': [], 'defaultStatePipeIds': []}, {'id': '01a01fa6-ed8e-77af-b71a-c98cd8bf2e4f', 'isFlowAvailable': False, 'diagnosticAreas': [], 'flowPaths': [], 'hasWorkingPumps': False, 'pipesIds': [], 'defaultStatePipeIds': [999018644, 999018645]}, {'id': '01a01fa6-ed8e-77b2-8555-972da398332c', 'isFlowAvailable': False, 'diagnosticAreas': [], 'flowPaths': [], 'hasWorkingPumps': False, 'pipesIds': [], 'defaultStatePipeIds': []}, {'id': '01a01fa6-ed8e-77b6-a79c-e464df6e61db', 'isFlowAvailable': False, 'diagnosticAreas': [], 'flowPaths': [], 'hasWorkingPumps': False, 'pipesIds': [], 'defaultStatePipeIds': [999018649, 999018650]}, {'id': '01a01fa6-ed8e-77b9-a94e-04bc4608f2f0', 'isFlowAvailable': False, 'diagnosticAreas': [], 'flowPaths': [], 'hasWorkingPumps': False, 'pipesIds': [], 'defaultStatePipeIds': []}, {'id': '01a01fa6-ed8e-77bc-a36e-eef1b51410ae', 'isFlowAvailable': False, 'diagnosticAreas': [], 'flowPaths': [], 'hasWorkingPumps': False, 'pipesIds': [], 'defaultStatePipeIds': []}, {'id': '01a01fa6-ed8e-77c1-aa9e-83686775b886', 'isFlowAvailable': False, 'diagnosticAreas': [], 'flowPaths': [], 'hasWorkingPumps': False, 'pipesIds': [], 'defaultStatePipeIds': []}, {'id': '01a01fa6-ed8e-77c2-bd2c-a21995f157f4', 'isFlowAvailable': False, 'diagnosticAreas': [], 'flowPaths': [], 'hasWorkingPumps': False, 'pipesIds': [], 'defaultStatePipeIds': []}, {'id': '01a01fa6-ed8e-77c4-a150-7e68163e157d', 'isFlowAvailable': False, 'diagnosticAreas': [], 'flowPaths': [], 'hasWorkingPumps': False, 'pipesIds': [], 'defaultStatePipeIds': []}, {'id': '01a01fa6-ed8e-77c5-999d-1ee319a248ef', 'isFlowAvailable': False, 'diagnosticAreas': [], 'flowPaths': [], 'hasWorkingPumps': False, 'pipesIds': [], 'defaultStatePipeIds': [9992053518, 999019193, 999019194]}, {'id': '01a01fa6-ed8e-77c7-976f-62bf0cce5a66', 'isFlowAvailable': False, 'diagnosticAreas': [], 'flowPaths': [], 'hasWorkingPumps': False, 'pipesIds': [], 'defaultStatePipeIds': [999018724]}, {'id': '01a01fa6-ed8e-77ca-9fe8-187bc3a24309', 'isFlowAvailable': False, 'diagnosticAreas': [], 'flowPaths': [], 'hasWorkingPumps': False, 'pipesIds': [], 'defaultStatePipeIds': []}, {'id': '01a01fa6-ed8e-77cd-9b50-ae8d0c241af1', 'isFlowAvailable': False, 'diagnosticAreas': [], 'flowPaths': [], 'hasWorkingPumps': False, 'pipesIds': [], 'defaultStatePipeIds': []}, {'id': '01a01fa6-ed8e-77d0-bed1-e5cf8602db04', 'isFlowAvailable': False, 'diagnosticAreas': [], 'flowPaths': [], 'hasWorkingPumps': False, 'pipesIds': [], 'defaultStatePipeIds': []}, {'id': '01a01fa6-ed8e-77d1-87f8-74ba03142101', 'isFlowAvailable': True, 'diagnosticAreas': [], 'flowPaths': [], 'hasWorkingPumps': False, 'pipesIds': [9992053580, 9992053588, 9992053614, 9992053615, 9992053618, 9992053619, 9992053616, 9992053617, 9992053620, 9992054666, 9992054667, 9992054670, 9992054669, 9992054674, 9992054678, 9992054677, 9992054680, 9992054681, 9992054687, 9992054684, 9992054685, 9992054698, 9992054704, 9992054719, 9992054716, 9992054735, 9992054732, 9992054759, 9992054760, 9992054766, 9992054767, 9992054764, 9992054770, 9992054771, 9992054775, 9992054772, 9992054778, 9992054782, 9992054783, 9992054787, 9992054785, 9992054790, 9992054788, 9992054816, 9992054850, 9992054849], 'defaultStatePipeIds': [999205308, 999205316, 999205314, 999205311, 999205309, 999205360, 999205363, 999205364, 999205361, 999205399, 296, 298, 315, 339, 9992053873, 350, 352, 279, 396, 398, 411, 437, 441, 442, 444, 446, 447, 449, 999204036, 529, 530, 531, 537, 999203477, 251692335, 701, 999203995, 716, 721, 722, 729, 712, 845, 849, 853, 871, 869, 875, 999203472, 992, 999, 1011, 1012, 1020, 1039, 1041, 1302, 1596, 999204077, 940097, 934, 935, 961, 962, 966, 968, 960, 928, 929, 953, 954, 956, 958, 952, 919, 922, 945, 946, 948, 950, 944, 911, 914, 915, 940, 942, 9992053865, 9992053382, 1218, 1219, 1220, 1221, 1222, 1225, 1226, 1229, 1231, 1230, 1256, 1259, 1262, 1263, 1289, 1290, 1288, 1292, 1293, 1295, 1296, 1298, 1300, 1301, 1351, 1396, 1416, 1417, 999193039, 1419, 1423, 999204040, 1424, 1426, 1454, 1580, 1581, 1584, 1597, 1598, 1599, 1600, 1586, 1669, 1291, 1294, 1297, 1299, 1303, 999192811, 999192859, 999192860, 999192872, 999192884, 999192885, 999192886, 999192887, 999192888, 9992053886, 999192899, 999192900, 999192902, 999192903, 9992053494, 999192907, 999192919, 999192926, 999192933, 999192939, 999192954, 999192955, 999192963, 999192964, 999192973, 999192975, 999192977, 999192981, 999192983, 999192987, 999192988, 999192996, 999192999, 999193000, 999193006, 999193023, 999193009, 999193018, 999193020, 999193022, 999193027, 999193028, 9992054870, 535, 528, 283, 440, 996, 1006, 990162092, 9992052980, 9992052981, 9992052988, 9992052992, 9992053019, 9992053027, 9992053231, 9992053232, 9992053028, 9992053038, 9992053039, 9992053037, 999192982, 9992053040, 9992053095, 9992053093, 9992054128, 9992054129, 9992053098, 9992053127, 9992053128, 9992053495, 9992053493, 9992053160, 9992053159, 9992053510, 9992053228, 9992053227, 9992053226, 9992053262, 9992053261, 9992053260, 999193008, 9992053293, 9992053292, 9992053291, 9992053290, 9992054425, 9992054424, 9992054426, 9992054427, 9992054430, 9992054431, 9992054428, 9992054429, 9992054435, 9992054432, 9992054436, 9992054442, 9992054441, 9992054443, 940062, 990161803, 999018644, 999018645, 999018649, 999018650, 999018658, 999018659, 999018657, 999018674, 999018679, 999018683, 999018687, 999018691, 9992053509, 9992053513, 9992053858, 616, 619, 655, 657, 9992053875, 9992053876, 656, 631, 632, 633, 634, 660, 662, 661, 640, 641, 642, 643, 665, 667, 666, 649, 650, 651, 652, 671, 673, 999203986, 999203987, 999205272, 999205398, 999018723, 999018724, 999018802, 9992053869, 9992053911, 9992053915, 9992054866, 999019182, 999019186, 999019193, 9992053518, 999019194, 999019196, 999019198, 999019197, 990161798, 990161799, 990161800, 990161804, 990161802, 1260, 1257, 990161797, 990161796, 251652277, 999192942, 999192943, 999019255, 999192945, 999192946, 999019257, 999019256, 999019261, 9992054112, 9992054123, 9992054860, 9992054125, 9992054126, 9992054127, 999203945, 990162059, 990162060, 9992054068, 990162065, 990162066, 990162071, 990162067, 990162075, 990162081, 990162087, 990162088, 990162094, 990162098, 990162100, 990162099, 990162170, 999192051, 999203573, 999203671, 999203778, 990162102, 999016148, 990162122, 999205441, 990162077, 990162070, 999204074, 999016147, 999019279, 990162175, 999018715, 999018801, 999018800, 999203673, 999204075, 999203728, 999203729, 999203730, 999203731, 999204076, 999203732, 990162177, 999018653, 999018654, 999018639, 999018640, 999018681, 999018685, 9992054854, 9992054859, 9992054856, 9992054862, 9992054864, 9992054865, 9992054869, 9992054874, 9992054873, 9992054878, 9992054877, 251652278, 251652276, 999203464, 26071, 991, 1001, 999203950, 999203952, 999203450, 999203467, 999203468, 999203462, 9992053000, 9992052997, 9992053007, 9992053008, 9992053015, 9992053016, 9992052995, 9992052993, 9992052990, 999205275, 999203558, 35165821, 999203456, 999203587, 999203588, 999203590, 999018686, 999018678, 999205358, 999205357, 999018673, 999018693, 999018721, 999203448, 882, 999203948, 999203949, 999203951, 999204001, 999204021, 999204022, 999204041, 999204046, 999204047, 999204049, 999204051, 1353, 999192871, 999192882, 1471, 320, 999192918, 999192924, 1455, 9992053506, 9992053507, 9992053511, 9992053512, 1398, 999192932, 999192937, 717, 999019174, 999019180, 999019181, 852, 1233, 1224, 1223, 1227, 1228, 999019259, 999019260, 754, 769, 770, 774, 776, 792, 778, 760, 779, 780, 782, 784, 797, 786, 766, 767, 787, 788, 807, 9992053862, 9992053872, 9992053870, 9992053871, 999019223, 999019226, 999019227, 999019228, 843, 842, 999019244, 999204010, 999019184, 999019185, 1162, 990162032, 999204054, 999204053, 455, 438, 448, 999204055, 999204056, 999204037, 456, 999193017, 999193011, 1427, 1428, 999204042, 9992053197, 9992053198, 1414, 876, 999203940, 881, 999204058, 999204057, 999204068, 999204067, 999204765, 999204766, 999204767, 999204787, 999204768, 999204775, 999204756, 999204757]}, {'id': '01a01fa6-ed8e-77d5-b8fb-9d54aae478d1', 'isFlowAvailable': False, 'diagnosticAreas': [], 'flowPaths': [], 'hasWorkingPumps': False, 'pipesIds': [], 'defaultStatePipeIds': []}, {'id': '01a01fa6-ed8e-77d8-991e-2ef772e3b301', 'isFlowAvailable': False, 'diagnosticAreas': [], 'flowPaths': [], 'hasWorkingPumps': False, 'pipesIds': [], 'defaultStatePipeIds': []}, {'id': '01a01fa6-ed8e-77df-b2d9-d12a6cee4ee6', 'isFlowAvailable': False, 'diagnosticAreas': [], 'flowPaths': [], 'hasWorkingPumps': False, 'pipesIds': [], 'defaultStatePipeIds': []}, {'id': '01a01fa6-ed8e-77e1-838a-88cedba93a19', 'isFlowAvailable': False, 'diagnosticAreas': [], 'flowPaths': [], 'hasWorkingPumps': False, 'pipesIds': [], 'defaultStatePipeIds': []}, {'id': '01a01fa6-ed8e-77e6-9328-621a6313be52', 'isFlowAvailable': False, 'diagnosticAreas': [], 'flowPaths': [], 'hasWorkingPumps': False, 'pipesIds': [], 'defaultStatePipeIds': []}, {'id': '01a01fa6-ed8e-77ee-b465-0720702dd211', 'isFlowAvailable': False, 'diagnosticAreas': [], 'flowPaths': [], 'hasWorkingPumps': False, 'pipesIds': [], 'defaultStatePipeIds': []}, {'id': '01a01fa6-ed8e-77ef-ab51-84faad370bd6', 'isFlowAvailable': False, 'diagnosticAreas': [], 'flowPaths': [], 'hasWorkingPumps': False, 'pipesIds': [], 'defaultStatePipeIds': []}, {'id': '01a01fa6-ed8e-77f0-b567-89ae1ae86130', 'isFlowAvailable': False, 'diagnosticAreas': [], 'flowPaths': [], 'hasWorkingPumps': False, 'pipesIds': [], 'defaultStatePipeIds': []}, {'id': '01a01fa6-ed8e-77f3-9a28-ae139189ad3e', 'isFlowAvailable': False, 'diagnosticAreas': [], 'flowPaths': [], 'hasWorkingPumps': False, 'pipesIds': [], 'defaultStatePipeIds': []}, {'id': '01a01fa6-ed8e-77f4-aa94-5b399d9418e4', 'isFlowAvailable': False, 'diagnosticAreas': [], 'flowPaths': [], 'hasWorkingPumps': False, 'pipesIds': [], 'defaultStatePipeIds': []}, {'id': '01a01fa6-ed8e-77f5-8b7b-302bff36d490', 'isFlowAvailable': False, 'diagnosticAreas': [], 'flowPaths': [], 'hasWorkingPumps': False, 'pipesIds': [], 'defaultStatePipeIds': []}, {'id': '01a01fa6-ed8e-77f6-a200-bfa27cc003c8', 'isFlowAvailable': False, 'diagnosticAreas': [], 'flowPaths': [], 'hasWorkingPumps': False, 'pipesIds': [], 'defaultStatePipeIds': []}, {'id': '01a01fa6-ed8e-77f7-b157-ae4f9e9aa4b8', 'isFlowAvailable': False, 'diagnosticAreas': [], 'flowPaths': [], 'hasWorkingPumps': False, 'pipesIds': [], 'defaultStatePipeIds': []}, {'id': '01a01fa6-ed8e-77f8-bd76-26f36810ffa0', 'isFlowAvailable': False, 'diagnosticAreas': [], 'flowPaths': [], 'hasWorkingPumps': False, 'pipesIds': [], 'defaultStatePipeIds': []}, {'id': '01a01fa6-ed8e-77f9-8d4f-1321e6176611', 'isFlowAvailable': True, 'diagnosticAreas': [], 'flowPaths': [], 'hasWorkingPumps': False, 'pipesIds': [9992053982, 9992053983, 9992053981, 9992053984, 9992053998, 9992053997, 9992054002, 9992054000, 9992054006, 9992054005, 9992054050, 9992054051, 9992054054, 9992054055, 9992054058, 9992054059], 'defaultStatePipeIds': [999205308, 999205316, 999205314, 999205311, 999205309, 999205360, 999205363, 999205364, 999205361, 999205399, 296, 298, 315, 339, 9992053873, 350, 352, 279, 396, 398, 411, 437, 441, 442, 444, 446, 447, 449, 999204036, 529, 530, 531, 537, 999203477, 251692335, 701, 999203995, 716, 721, 722, 729, 712, 845, 849, 853, 871, 869, 875, 999203472, 992, 999, 1011, 1012, 1020, 1039, 1041, 1302, 1596, 999204077, 940097, 934, 935, 961, 962, 966, 968, 960, 928, 929, 953, 954, 956, 958, 952, 919, 922, 945, 946, 948, 950, 944, 911, 914, 915, 940, 942, 9992053865, 9992053382, 1218, 1219, 1220, 1221, 1222, 1225, 1226, 1229, 1231, 1230, 1256, 1259, 1262, 1263, 1289, 1290, 1288, 1292, 1293, 1295, 1296, 1298, 1300, 1301, 1351, 1396, 1416, 1417, 999193039, 1419, 1423, 999204040, 1424, 1426, 1454, 1580, 1581, 1584, 1597, 1598, 1599, 1600, 1586, 1669, 1291, 1294, 1297, 1299, 1303, 999192811, 999192859, 999192860, 999192872, 999192884, 999192885, 999192886, 999192887, 999192888, 9992053886, 999192899, 999192900, 999192902, 999192903, 9992053494, 999192907, 999192919, 999192926, 999192933, 999192939, 999192954, 999192955, 999192963, 999192964, 999192973, 999192975, 999192977, 999192981, 999192983, 999192987, 999192988, 999192996, 999192999, 999193000, 999193006, 999193023, 999193009, 999193018, 999193020, 999193022, 999193027, 999193028, 9992054870, 535, 528, 283, 440, 996, 1006, 990162092, 9992052980, 9992052981, 9992052988, 9992052992, 9992053019, 9992053027, 9992053231, 9992053232, 9992053028, 9992053038, 9992053039, 9992053037, 999192982, 9992053040, 9992053095, 9992053093, 9992054128, 9992054129, 9992053098, 9992053127, 9992053128, 9992053495, 9992053493, 9992053160, 9992053159, 9992053510, 9992053228, 9992053227, 9992053226, 9992053262, 9992053261, 9992053260, 999193008, 9992053293, 9992053292, 9992053291, 9992053290, 9992054425, 9992054424, 9992054426, 9992054427, 9992054430, 9992054431, 9992054428, 9992054429, 9992054435, 9992054432, 9992054436, 9992054442, 9992054441, 9992054443, 940062, 990161803, 999018644, 999018645, 999018649, 999018650, 999018658, 999018659, 999018657, 999018674, 999018679, 999018683, 999018687, 999018691, 9992053509, 9992053513, 9992053858, 616, 619, 655, 657, 9992053875, 9992053876, 656, 631, 632, 633, 634, 660, 662, 661, 640, 641, 642, 643, 665, 667, 666, 649, 650, 651, 652, 671, 673, 999203986, 999203987, 999205272, 999205398, 999018723, 999018724, 999018802, 9992053869, 9992053911, 9992053915, 9992054866, 999019182, 999019186, 999019193, 9992053518, 999019194, 999019196, 999019198, 999019197, 990161798, 990161799, 990161800, 990161804, 990161802, 1260, 1257, 990161797, 990161796, 251652277, 999192942, 999192943, 999019255, 999192945, 999192946, 999019257, 999019256, 999019261, 9992054112, 9992054123, 9992054860, 9992054125, 9992054126, 9992054127, 999203945, 990162059, 990162060, 9992054068, 990162065, 990162066, 990162071, 990162067, 990162075, 990162081, 990162087, 990162088, 990162094, 990162098, 990162100, 990162099, 990162170, 999192051, 999203573, 999203671, 999203778, 990162102, 999016148, 990162122, 999205441, 990162077, 990162070, 999204074, 999016147, 999019279, 990162175, 999018715, 999018801, 999018800, 999203673, 999204075, 999203728, 999203729, 999203730, 999203731, 999204076, 999203732, 990162177, 999018653, 999018654, 999018639, 999018640, 999018681, 999018685, 9992054854, 9992054859, 9992054856, 9992054862, 9992054864, 9992054865, 9992054869, 9992054874, 9992054873, 9992054878, 9992054877, 251652278, 251652276, 999203464, 26071, 991, 1001, 999203950, 999203952, 999203450, 999203467, 999203468, 999203462, 9992053000, 9992052997, 9992053007, 9992053008, 9992053015, 9992053016, 9992052995, 9992052993, 9992052990, 999205275, 999203558, 35165821, 999203456, 999203587, 999203588, 999203590, 999018686, 999018678, 999205358, 999205357, 999018673, 999018693, 999018721, 999203448, 882, 999203948, 999203949, 999203951, 999204001, 999204021, 999204022, 999204041, 999204046, 999204047, 999204049, 999204051, 1353, 999192871, 999192882, 1471, 320, 999192918, 999192924, 1455, 9992053506, 9992053507, 9992053511, 9992053512, 1398, 999192932, 999192937, 717, 999019174, 999019180, 999019181, 852, 1233, 1224, 1223, 1227, 1228, 999019259, 999019260, 754, 769, 770, 774, 776, 792, 778, 760, 779, 780, 782, 784, 797, 786, 766, 767, 787, 788, 807, 9992053862, 9992053872, 9992053870, 9992053871, 999019223, 999019226, 999019227, 999019228, 843, 842, 999019244, 999204010, 999019184, 999019185, 1162, 990162032, 999204054, 999204053, 455, 438, 448, 999204055, 999204056, 999204037, 456, 999193017, 999193011, 1427, 1428, 999204042, 9992053197, 9992053198, 1414, 876, 999203940, 881, 999204058, 999204057, 999204068, 999204067, 999204765, 999204766, 999204767, 999204787, 999204768, 999204775, 999204756, 999204757]}, {'id': '01a01fa6-ed8e-77fb-bf59-59178324337d', 'isFlowAvailable': False, 'diagnosticAreas': [], 'flowPaths': [], 'hasWorkingPumps': False, 'pipesIds': [], 'defaultStatePipeIds': []}, {'id': '01a01fa6-ed8e-7800-94a5-83c79277b3e0', 'isFlowAvailable': False, 'diagnosticAreas': [], 'flowPaths': [], 'hasWorkingPumps': False, 'pipesIds': [], 'defaultStatePipeIds': []}, {'id': '01a01fa6-ed8e-7802-a908-627395f65853', 'isFlowAvailable': False, 'diagnosticAreas': [], 'flowPaths': [], 'hasWorkingPumps': False, 'pipesIds': [], 'defaultStatePipeIds': []}, {'id': '01a01fa6-ed8e-7805-b676-2eb0fb9f028e', 'isFlowAvailable': False, 'diagnosticAreas': [], 'flowPaths': [], 'hasWorkingPumps': False, 'pipesIds': [], 'defaultStatePipeIds': []}, {'id': '01a01fa6-ed8e-780c-ba0c-1f7237cc8c1d', 'isFlowAvailable': False, 'diagnosticAreas': [], 'flowPaths': [], 'hasWorkingPumps': False, 'pipesIds': [], 'defaultStatePipeIds': []}, {'id': '01a01fa6-ed8e-7810-bde7-fb8abaea9dbe', 'isFlowAvailable': False, 'diagnosticAreas': [], 'flowPaths': [], 'hasWorkingPumps': False, 'pipesIds': [], 'defaultStatePipeIds': []}, {'id': '01a01fa6-ed8e-7815-a5a1-0cf962254ec9', 'isFlowAvailable': False, 'diagnosticAreas': [], 'flowPaths': [], 'hasWorkingPumps': False, 'pipesIds': [], 'defaultStatePipeIds': [990161799, 990161800]}, {'id': '01a01fa6-ed8e-7817-b5db-f035b0c13895', 'isFlowAvailable': False, 'diagnosticAreas': [], 'flowPaths': [], 'hasWorkingPumps': False, 'pipesIds': [], 'defaultStatePipeIds': [9992054068, 990162067]}, {'id': '01a01fa6-ed8e-7819-acbb-c3d200260924', 'isFlowAvailable': False, 'diagnosticAreas': [], 'flowPaths': [], 'hasWorkingPumps': False, 'pipesIds': [], 'defaultStatePipeIds': []}, {'id': '01a01fa6-ed8e-781b-b7e5-c8d9e759f0fc', 'isFlowAvailable': False, 'diagnosticAreas': [], 'flowPaths': [], 'hasWorkingPumps': False, 'pipesIds': [], 'defaultStatePipeIds': []}, {'id': '01a01fa6-ed8e-781e-a25d-eeae68708504', 'isFlowAvailable': False, 'diagnosticAreas': [], 'flowPaths': [], 'hasWorkingPumps': False, 'pipesIds': [], 'defaultStatePipeIds': []}, {'id': '01a01fa6-ed8e-7820-a96e-29f679f553a4', 'isFlowAvailable': False, 'diagnosticAreas': [], 'flowPaths': [], 'hasWorkingPumps': False, 'pipesIds': [], 'defaultStatePipeIds': []}, {'id': '01a01fa6-ed8e-7823-9175-ba009cf46943', 'isFlowAvailable': False, 'diagnosticAreas': [], 'flowPaths': [], 'hasWorkingPumps': False, 'pipesIds': [], 'defaultStatePipeIds': []}, {'id': '01a01fa6-ed8e-7824-8aac-a93a596739b1', 'isFlowAvailable': False, 'diagnosticAreas': [], 'flowPaths': [], 'hasWorkingPumps': False, 'pipesIds': [], 'defaultStatePipeIds': []}, {'id': '01a01fa6-ed8e-7825-abce-7382775e4b36', 'isFlowAvailable': False, 'diagnosticAreas': [], 'flowPaths': [], 'hasWorkingPumps': False, 'pipesIds': [], 'defaultStatePipeIds': []}, {'id': '01a01fa6-ed8e-7828-92eb-2c7760a0a43f', 'isFlowAvailable': False, 'diagnosticAreas': [], 'flowPaths': [], 'hasWorkingPumps': False, 'pipesIds': [], 'defaultStatePipeIds': []}, {'id': '01a01fa6-ed8e-782b-b87b-8b8bb94694f9', 'isFlowAvailable': False, 'diagnosticAreas': [], 'flowPaths': [], 'hasWorkingPumps': False, 'pipesIds': [], 'defaultStatePipeIds': [990162059, 990162060]}, {'id': '01a01fa6-ed8e-7832-8ad7-315bb9d2cd02', 'isFlowAvailable': False, 'diagnosticAreas': [], 'flowPaths': [], 'hasWorkingPumps': False, 'pipesIds': [], 'defaultStatePipeIds': [990162102, 999203778]}, {'id': '01a01fa6-ed8e-7834-b254-e1637349d200', 'isFlowAvailable': False, 'diagnosticAreas': [], 'flowPaths': [], 'hasWorkingPumps': False, 'pipesIds': [], 'defaultStatePipeIds': []}, {'id': '01a01fa6-ed8e-7835-8687-769eaf5fa0af', 'isFlowAvailable': False, 'diagnosticAreas': [], 'flowPaths': [], 'hasWorkingPumps': False, 'pipesIds': [], 'defaultStatePipeIds': []}, {'id': '01a01fa6-ed8e-7836-a231-21ea9ebac080', 'isFlowAvailable': False, 'diagnosticAreas': [], 'flowPaths': [], 'hasWorkingPumps': False, 'pipesIds': [], 'defaultStatePipeIds': []}, {'id': '01a01fa6-ed8f-717e-a281-b705f93bf14d', 'isFlowAvailable': False, 'diagnosticAreas': [], 'flowPaths': [], 'hasWorkingPumps': False, 'pipesIds': [], 'defaultStatePipeIds': []}, {'id': '01a01fa6-ed8f-717f-b001-d2121df746a3', 'isFlowAvailable': False, 'diagnosticAreas': [], 'flowPaths': [], 'hasWorkingPumps': False, 'pipesIds': [], 'defaultStatePipeIds': []}, {'id': '01a01fa6-ed8f-7180-8a43-8f0e0597087c', 'isFlowAvailable': False, 'diagnosticAreas': [], 'flowPaths': [], 'hasWorkingPumps': False, 'pipesIds': [], 'defaultStatePipeIds': []}, {'id': '01a01fa6-ed8f-7181-9649-c6069b6bc128', 'isFlowAvailable': False, 'diagnosticAreas': [], 'flowPaths': [], 'hasWorkingPumps': False, 'pipesIds': [], 'defaultStatePipeIds': []}, {'id': '01a01fa6-ed8f-7182-ab29-83e06ea9ba2a', 'isFlowAvailable': False, 'diagnosticAreas': [], 'flowPaths': [], 'hasWorkingPumps': False, 'pipesIds': [], 'defaultStatePipeIds': []}, {'id': '01a01fa6-ed8f-7183-bf45-c97d519c307b', 'isFlowAvailable': False, 'diagnosticAreas': [], 'flowPaths': [], 'hasWorkingPumps': False, 'pipesIds': [], 'defaultStatePipeIds': []}, {'id': '01a01fa6-ed8f-7184-a882-916d111c1b69', 'isFlowAvailable': False, 'diagnosticAreas': [], 'flowPaths': [], 'hasWorkingPumps': False, 'pipesIds': [], 'defaultStatePipeIds': []}, {'id': '01a01fa6-ed8f-7185-86cc-d240adbe853f', 'isFlowAvailable': False, 'diagnosticAreas': [], 'flowPaths': [], 'hasWorkingPumps': False, 'pipesIds': [], 'defaultStatePipeIds': []}, {'id': '01a01fa6-ed8f-7186-bdb2-76fe85780418', 'isFlowAvailable': False, 'diagnosticAreas': [], 'flowPaths': [], 'hasWorkingPumps': False, 'pipesIds': [], 'defaultStatePipeIds': []}, {'id': '01a01fa6-ed8f-7187-af7c-68da8c6f0ee2', 'isFlowAvailable': False, 'diagnosticAreas': [], 'flowPaths': [], 'hasWorkingPumps': False, 'pipesIds': [], 'defaultStatePipeIds': []}, {'id': '01a01fa6-ed8f-7188-be9c-f22ff5feccdf', 'isFlowAvailable': False, 'diagnosticAreas': [], 'flowPaths': [], 'hasWorkingPumps': False, 'pipesIds': [], 'defaultStatePipeIds': []}, {'id': '01a01fa6-ed8f-7189-9ada-1bd30d5b452d', 'isFlowAvailable': False, 'diagnosticAreas': [], 'flowPaths': [], 'hasWorkingPumps': False, 'pipesIds': [], 'defaultStatePipeIds': []}, {'id': '01a01fa6-ed8f-718a-954d-a78f0de2b1cd', 'isFlowAvailable': False, 'diagnosticAreas': [], 'flowPaths': [], 'hasWorkingPumps': False, 'pipesIds': [], 'defaultStatePipeIds': []}, {'id': '01a01fa6-ed8f-718b-adcb-e2cf0d2e7a6b', 'isFlowAvailable': False, 'diagnosticAreas': [], 'flowPaths': [], 'hasWorkingPumps': False, 'pipesIds': [], 'defaultStatePipeIds': []}, {'id': '01a01fa6-ed8f-718c-af3b-8143fb5d02fb', 'isFlowAvailable': False, 'diagnosticAreas': [], 'flowPaths': [], 'hasWorkingPumps': False, 'pipesIds': [], 'defaultStatePipeIds': []}, {'id': '01a01fa6-ed8f-718d-b28a-c634b1f9b9e1', 'isFlowAvailable': False, 'diagnosticAreas': [], 'flowPaths': [], 'hasWorkingPumps': False, 'pipesIds': [], 'defaultStatePipeIds': []}, {'id': '01a01fa6-ed8f-718e-82e3-63d50dcb56a7', 'isFlowAvailable': False, 'diagnosticAreas': [], 'flowPaths': [], 'hasWorkingPumps': False, 'pipesIds': [], 'defaultStatePipeIds': []}, {'id': '01a01fa6-ed8f-718f-b03a-c7a470681290', 'isFlowAvailable': False, 'diagnosticAreas': [], 'flowPaths': [], 'hasWorkingPumps': False, 'pipesIds': [], 'defaultStatePipeIds': []}, {'id': '01a01fa6-ed8f-7190-876c-a2a0e104c7af', 'isFlowAvailable': False, 'diagnosticAreas': [], 'flowPaths': [], 'hasWorkingPumps': False, 'pipesIds': [], 'defaultStatePipeIds': []}, {'id': '01a01fa6-ed8f-7191-b211-737fdfbb4dde', 'isFlowAvailable': False, 'diagnosticAreas': [], 'flowPaths': [], 'hasWorkingPumps': False, 'pipesIds': [], 'defaultStatePipeIds': []}, {'id': '01a01fa6-ed8f-7192-b312-d030ca26d968', 'isFlowAvailable': False, 'diagnosticAreas': [], 'flowPaths': [], 'hasWorkingPumps': False, 'pipesIds': [], 'defaultStatePipeIds': []}, {'id': '01a01fa6-ed8f-7193-b97d-3a37508ac2bc', 'isFlowAvailable': False, 'diagnosticAreas': [], 'flowPaths': [], 'hasWorkingPumps': False, 'pipesIds': [], 'defaultStatePipeIds': []}, {'id': '01a01fa6-ed8f-7194-98b6-740641cfbf54', 'isFlowAvailable': False, 'diagnosticAreas': [], 'flowPaths': [], 'hasWorkingPumps': False, 'pipesIds': [], 'defaultStatePipeIds': []}, {'id': '01a01fa6-ed8f-7195-a732-9b91d99bef6f', 'isFlowAvailable': False, 'diagnosticAreas': [], 'flowPaths': [], 'hasWorkingPumps': False, 'pipesIds': [], 'defaultStatePipeIds': []}, {'id': '01a01fa6-ed8f-7196-8f74-6904bf635b27', 'isFlowAvailable': False, 'diagnosticAreas': [], 'flowPaths': [], 'hasWorkingPumps': False, 'pipesIds': [], 'defaultStatePipeIds': []}, {'id': '01a01fa6-ed8f-7197-a525-21858801ddd3', 'isFlowAvailable': False, 'diagnosticAreas': [], 'flowPaths': [], 'hasWorkingPumps': False, 'pipesIds': [], 'defaultStatePipeIds': []}, {'id': '01a01fa6-ed8f-7198-91da-b23cb039fb48', 'isFlowAvailable': False, 'diagnosticAreas': [], 'flowPaths': [], 'hasWorkingPumps': False, 'pipesIds': [], 'defaultStatePipeIds': []}, {'id': '01a01fa6-ed8f-7199-82b1-f6d350ef1d04', 'isFlowAvailable': False, 'diagnosticAreas': [], 'flowPaths': [], 'hasWorkingPumps': False, 'pipesIds': [], 'defaultStatePipeIds': []}, {'id': '01a01fa6-ed8f-719a-872f-08b2fe88e9e1', 'isFlowAvailable': False, 'diagnosticAreas': [], 'flowPaths': [], 'hasWorkingPumps': False, 'pipesIds': [], 'defaultStatePipeIds': []}, {'id': '01a01fa6-ed8f-71a0-ab23-ef5cdea2e37f', 'isFlowAvailable': False, 'diagnosticAreas': [], 'flowPaths': [], 'hasWorkingPumps': False, 'pipesIds': [], 'defaultStatePipeIds': []}, {'id': '01a01fa6-ed8f-71a9-bce2-3b13a333eef5', 'isFlowAvailable': False, 'diagnosticAreas': [], 'flowPaths': [], 'hasWorkingPumps': False, 'pipesIds': [], 'defaultStatePipeIds': []}, {'id': '01a01fa6-ed8f-71ac-8694-cdc13ae186fb', 'isFlowAvailable': False, 'diagnosticAreas': [], 'flowPaths': [], 'hasWorkingPumps': False, 'pipesIds': [], 'defaultStatePipeIds': []}, {'id': '01a01fa6-ed8f-71b0-85b7-cde1aa7e9a56', 'isFlowAvailable': False, 'diagnosticAreas': [], 'flowPaths': [], 'hasWorkingPumps': False, 'pipesIds': [], 'defaultStatePipeIds': []}, {'id': '01a01fa6-ed8f-71b5-98d6-48753c70828a', 'isFlowAvailable': False, 'diagnosticAreas': [], 'flowPaths': [], 'hasWorkingPumps': False, 'pipesIds': [], 'defaultStatePipeIds': []}, {'id': '01a01fa6-ed8f-71d0-86ad-6547ce6e5ed9', 'isFlowAvailable': False, 'diagnosticAreas': [], 'flowPaths': [], 'hasWorkingPumps': False, 'pipesIds': [], 'defaultStatePipeIds': [999203450]}, {'id': '01a01fa6-ed8f-71d1-97a2-0bfd29a4e71b', 'isFlowAvailable': False, 'diagnosticAreas': [], 'flowPaths': [], 'hasWorkingPumps': False, 'pipesIds': [], 'defaultStatePipeIds': []}, {'id': '01a01fa6-ed8f-71d4-8a3b-28d1f91cf085', 'isFlowAvailable': False, 'diagnosticAreas': [], 'flowPaths': [], 'hasWorkingPumps': False, 'pipesIds': [], 'defaultStatePipeIds': []}, {'id': '01a01fa6-ed8f-71d5-ae50-61b5e6064aff', 'isFlowAvailable': False, 'diagnosticAreas': [], 'flowPaths': [], 'hasWorkingPumps': False, 'pipesIds': [], 'defaultStatePipeIds': []}, {'id': '01a01fa6-ed8f-71d6-9837-17c81cde4c6a', 'isFlowAvailable': False, 'diagnosticAreas': [], 'flowPaths': [], 'hasWorkingPumps': False, 'pipesIds': [], 'defaultStatePipeIds': []}, {'id': '01a01fa6-ed8f-71d7-93c4-75baea336035', 'isFlowAvailable': False, 'diagnosticAreas': [], 'flowPaths': [], 'hasWorkingPumps': False, 'pipesIds': [], 'defaultStatePipeIds': []}, {'id': '01a01fa6-ed8f-71dc-b8ba-4004a59079ca', 'isFlowAvailable': False, 'diagnosticAreas': [], 'flowPaths': [], 'hasWorkingPumps': False, 'pipesIds': [], 'defaultStatePipeIds': []}, {'id': '01a01fa6-ed8f-71dd-9793-bb609d2c17e4', 'isFlowAvailable': False, 'diagnosticAreas': [], 'flowPaths': [], 'hasWorkingPumps': False, 'pipesIds': [], 'defaultStatePipeIds': []}, {'id': '01a01fa6-ed8f-71df-8a5a-863503e5c53b', 'isFlowAvailable': False, 'diagnosticAreas': [], 'flowPaths': [], 'hasWorkingPumps': False, 'pipesIds': [], 'defaultStatePipeIds': []}, {'id': '01a01fa6-ed8f-71e0-90cb-c91f3ce03490', 'isFlowAvailable': False, 'diagnosticAreas': [], 'flowPaths': [], 'hasWorkingPumps': False, 'pipesIds': [], 'defaultStatePipeIds': []}, {'id': '01a01fa6-ed8f-71e3-a468-8c16307beb90', 'isFlowAvailable': False, 'diagnosticAreas': [], 'flowPaths': [], 'hasWorkingPumps': False, 'pipesIds': [], 'defaultStatePipeIds': []}, {'id': '01a01fa6-ed8f-71e5-b804-a72d3b31aa92', 'isFlowAvailable': False, 'diagnosticAreas': [], 'flowPaths': [], 'hasWorkingPumps': False, 'pipesIds': [], 'defaultStatePipeIds': []}, {'id': '01a01fa6-ed8f-71e6-86e4-be582ccf8c6e', 'isFlowAvailable': False, 'diagnosticAreas': [], 'flowPaths': [], 'hasWorkingPumps': False, 'pipesIds': [], 'defaultStatePipeIds': []}, {'id': '01a01fa6-ed8f-71e7-a285-4d43983138d9', 'isFlowAvailable': False, 'diagnosticAreas': [], 'flowPaths': [], 'hasWorkingPumps': False, 'pipesIds': [], 'defaultStatePipeIds': []}, {'id': '01a01fa6-ed8f-71eb-bc02-e25d0488bd04', 'isFlowAvailable': False, 'diagnosticAreas': [], 'flowPaths': [], 'hasWorkingPumps': False, 'pipesIds': [], 'defaultStatePipeIds': []}, {'id': '01a01fa6-ed8f-71ef-b5a9-2f66dd980fdd', 'isFlowAvailable': False, 'diagnosticAreas': [], 'flowPaths': [], 'hasWorkingPumps': False, 'pipesIds': [], 'defaultStatePipeIds': []}, {'id': '01a01fa6-ed8f-71f0-81ad-081b36e0518c', 'isFlowAvailable': False, 'diagnosticAreas': [], 'flowPaths': [], 'hasWorkingPumps': False, 'pipesIds': [], 'defaultStatePipeIds': []}, {'id': '01a01fa6-ed8f-71f2-b615-031d421348a1', 'isFlowAvailable': False, 'diagnosticAreas': [], 'flowPaths': [], 'hasWorkingPumps': False, 'pipesIds': [], 'defaultStatePipeIds': []}, {'id': '01a01fa6-ed8f-71f3-a6ba-3d733eba9ae9', 'isFlowAvailable': False, 'diagnosticAreas': [], 'flowPaths': [], 'hasWorkingPumps': False, 'pipesIds': [], 'defaultStatePipeIds': []}, {'id': '01a01fa6-ed8f-71f5-8323-26a71443e629', 'isFlowAvailable': False, 'diagnosticAreas': [], 'flowPaths': [], 'hasWorkingPumps': False, 'pipesIds': [], 'defaultStatePipeIds': []}, {'id': '01a01fa6-ed8f-71f8-8cc8-7d6ee1fb106c', 'isFlowAvailable': False, 'diagnosticAreas': [], 'flowPaths': [], 'hasWorkingPumps': False, 'pipesIds': [], 'defaultStatePipeIds': []}, {'id': '01a01fa6-ed8f-71fa-91ed-8e81b5008a54', 'isFlowAvailable': False, 'diagnosticAreas': [], 'flowPaths': [], 'hasWorkingPumps': False, 'pipesIds': [], 'defaultStatePipeIds': []}, {'id': '01a01fa6-ed90-707b-b805-00a0ab925a13', 'isFlowAvailable': False, 'diagnosticAreas': [], 'flowPaths': [], 'hasWorkingPumps': False, 'pipesIds': [], 'defaultStatePipeIds': [999204001]}, {'id': '01a01fa6-ed90-707c-95c2-66ab695cb4c0', 'isFlowAvailable': False, 'diagnosticAreas': [], 'flowPaths': [], 'hasWorkingPumps': False, 'pipesIds': [], 'defaultStatePipeIds': []}, {'id': '01a01fa6-ed90-707e-a2db-7703704ad6b5', 'isFlowAvailable': False, 'diagnosticAreas': [], 'flowPaths': [], 'hasWorkingPumps': False, 'pipesIds': [], 'defaultStatePipeIds': [999204067, 999204068]}, {'id': '01a01fa6-ed90-7080-84dd-9a36445a6fd7', 'isFlowAvailable': False, 'diagnosticAreas': [], 'flowPaths': [], 'hasWorkingPumps': False, 'pipesIds': [], 'defaultStatePipeIds': []}, {'id': '01a01fa6-ed90-7082-9dc1-fbd29a0a9ea9', 'isFlowAvailable': False, 'diagnosticAreas': [], 'flowPaths': [], 'hasWorkingPumps': False, 'pipesIds': [], 'defaultStatePipeIds': []}, {'id': '01a01fa6-ed90-7084-8c17-2f0886f3e70f', 'isFlowAvailable': False, 'diagnosticAreas': [], 'flowPaths': [], 'hasWorkingPumps': False, 'pipesIds': [], 'defaultStatePipeIds': []}, {'id': '01a01fa6-ed90-7086-aca8-0d1fec8ed748', 'isFlowAvailable': False, 'diagnosticAreas': [], 'flowPaths': [], 'hasWorkingPumps': False, 'pipesIds': [], 'defaultStatePipeIds': []}, {'id': '01a01fa6-ed90-7088-ae43-8ea41dd11644', 'isFlowAvailable': False, 'diagnosticAreas': [], 'flowPaths': [], 'hasWorkingPumps': False, 'pipesIds': [], 'defaultStatePipeIds': []}, {'id': '01a01fa6-ed90-7089-8d62-e67e0c3202dd', 'isFlowAvailable': False, 'diagnosticAreas': [], 'flowPaths': [], 'hasWorkingPumps': False, 'pipesIds': [], 'defaultStatePipeIds': []}, {'id': '01a01fa6-ed90-708a-96c0-1ce5df1e2a18', 'isFlowAvailable': False, 'diagnosticAreas': [], 'flowPaths': [], 'hasWorkingPumps': False, 'pipesIds': [], 'defaultStatePipeIds': []}, {'id': '01a01fa6-ed90-708b-b6cc-7ae9bb31034e', 'isFlowAvailable': False, 'diagnosticAreas': [], 'flowPaths': [], 'hasWorkingPumps': False, 'pipesIds': [], 'defaultStatePipeIds': []}, {'id': '01a01fa6-ed90-708c-bf23-1d345d666b7e', 'isFlowAvailable': False, 'diagnosticAreas': [], 'flowPaths': [], 'hasWorkingPumps': False, 'pipesIds': [], 'defaultStatePipeIds': []}, {'id': '01a01fa6-ed90-708e-9ae2-5eae736b056c', 'isFlowAvailable': False, 'diagnosticAreas': [], 'flowPaths': [], 'hasWorkingPumps': False, 'pipesIds': [], 'defaultStatePipeIds': []}, {'id': '01a01fa6-ed90-708f-8447-d710ea8dace9', 'isFlowAvailable': False, 'diagnosticAreas': [], 'flowPaths': [], 'hasWorkingPumps': False, 'pipesIds': [], 'defaultStatePipeIds': []}, {'id': '01a01fa6-ed90-7093-8d80-ef467a6d576f', 'isFlowAvailable': False, 'diagnosticAreas': [], 'flowPaths': [], 'hasWorkingPumps': False, 'pipesIds': [], 'defaultStatePipeIds': []}, {'id': '01a01fa6-ed90-7095-adb1-09154c82ee84', 'isFlowAvailable': False, 'diagnosticAreas': [], 'flowPaths': [], 'hasWorkingPumps': False, 'pipesIds': [], 'defaultStatePipeIds': []}, {'id': '01a01fa6-ed90-7098-b63a-944f7220d8a0', 'isFlowAvailable': False, 'diagnosticAreas': [], 'flowPaths': [], 'hasWorkingPumps': False, 'pipesIds': [], 'defaultStatePipeIds': []}, {'id': '01a01fa6-ed90-709b-bbed-10754309203b', 'isFlowAvailable': False, 'diagnosticAreas': [], 'flowPaths': [], 'hasWorkingPumps': False, 'pipesIds': [], 'defaultStatePipeIds': []}, {'id': '01a01fa6-ed90-709d-8f83-6937dd38b340', 'isFlowAvailable': False, 'diagnosticAreas': [], 'flowPaths': [], 'hasWorkingPumps': False, 'pipesIds': [], 'defaultStatePipeIds': []}, {'id': '01a01fa6-ed90-709f-9402-930beb48af1a', 'isFlowAvailable': False, 'diagnosticAreas': [], 'flowPaths': [], 'hasWorkingPumps': False, 'pipesIds': [], 'defaultStatePipeIds': []}, {'id': '01a01fa6-ed90-70a1-8881-2cec802079ec', 'isFlowAvailable': False, 'diagnosticAreas': [], 'flowPaths': [], 'hasWorkingPumps': False, 'pipesIds': [], 'defaultStatePipeIds': []}, {'id': '01a01fa6-ed90-70a3-9d6f-3a56e235d180', 'isFlowAvailable': False, 'diagnosticAreas': [], 'flowPaths': [], 'hasWorkingPumps': False, 'pipesIds': [], 'defaultStatePipeIds': []}, {'id': '01a01fa6-ed90-70a5-bc44-b157de412041', 'isFlowAvailable': False, 'diagnosticAreas': [], 'flowPaths': [], 'hasWorkingPumps': False, 'pipesIds': [], 'defaultStatePipeIds': []}, {'id': '01a01fa6-ed90-70a6-a4c1-7a271483d0cc', 'isFlowAvailable': False, 'diagnosticAreas': [], 'flowPaths': [], 'hasWorkingPumps': False, 'pipesIds': [], 'defaultStatePipeIds': []}, {'id': '01a01fa6-ed90-70a7-9f93-6917bad530df', 'isFlowAvailable': False, 'diagnosticAreas': [], 'flowPaths': [], 'hasWorkingPumps': False, 'pipesIds': [], 'defaultStatePipeIds': []}, {'id': '01a01fa6-ed90-70a8-8018-a64a69acd4bc', 'isFlowAvailable': False, 'diagnosticAreas': [], 'flowPaths': [], 'hasWorkingPumps': False, 'pipesIds': [], 'defaultStatePipeIds': []}, {'id': '01a01fa6-ed90-70a9-a0c3-6a8612040575', 'isFlowAvailable': False, 'diagnosticAreas': [], 'flowPaths': [], 'hasWorkingPumps': False, 'pipesIds': [], 'defaultStatePipeIds': []}, {'id': '01a01fa6-ed90-70ab-9c93-15850bc9ff4c', 'isFlowAvailable': False, 'diagnosticAreas': [], 'flowPaths': [], 'hasWorkingPumps': False, 'pipesIds': [], 'defaultStatePipeIds': []}, {'id': '01a01fa6-ed90-70ac-9c74-76502b1d4394', 'isFlowAvailable': False, 'diagnosticAreas': [], 'flowPaths': [], 'hasWorkingPumps': False, 'pipesIds': [], 'defaultStatePipeIds': []}, {'id': '01a01fa6-ed90-70ae-908d-58883ab57388', 'isFlowAvailable': False, 'diagnosticAreas': [], 'flowPaths': [], 'hasWorkingPumps': False, 'pipesIds': [], 'defaultStatePipeIds': []}, {'id': '01a01fa6-ed90-70af-8e60-dd3ea6dcfd10', 'isFlowAvailable': False, 'diagnosticAreas': [], 'flowPaths': [], 'hasWorkingPumps': False, 'pipesIds': [], 'defaultStatePipeIds': []}, {'id': '01a01fa6-ed90-70b2-952a-8d6990c1f436', 'isFlowAvailable': False, 'diagnosticAreas': [], 'flowPaths': [], 'hasWorkingPumps': False, 'pipesIds': [], 'defaultStatePipeIds': []}, {'id': '01a01fa6-ed90-70b5-ad73-8cc9de657bb4', 'isFlowAvailable': False, 'diagnosticAreas': [], 'flowPaths': [], 'hasWorkingPumps': False, 'pipesIds': [], 'defaultStatePipeIds': []}, {'id': '01a01fa6-ed90-70b6-acaf-a1ff07e940a4', 'isFlowAvailable': False, 'diagnosticAreas': [], 'flowPaths': [], 'hasWorkingPumps': False, 'pipesIds': [], 'defaultStatePipeIds': []}, {'id': '01a01fa6-ed90-70b8-b290-0ca5a2373833', 'isFlowAvailable': False, 'diagnosticAreas': [], 'flowPaths': [], 'hasWorkingPumps': False, 'pipesIds': [], 'defaultStatePipeIds': []}, {'id': '01a01fa6-ed90-70b9-b0b1-a54975776b57', 'isFlowAvailable': False, 'diagnosticAreas': [], 'flowPaths': [], 'hasWorkingPumps': False, 'pipesIds': [], 'defaultStatePipeIds': []}, {'id': '01a01fa6-ed90-70bc-be9a-58faadc1d0f9', 'isFlowAvailable': False, 'diagnosticAreas': [], 'flowPaths': [], 'hasWorkingPumps': False, 'pipesIds': [], 'defaultStatePipeIds': []}, {'id': '01a01fa6-ed90-70be-af45-bd9ad38a991f', 'isFlowAvailable': False, 'diagnosticAreas': [], 'flowPaths': [], 'hasWorkingPumps': False, 'pipesIds': [], 'defaultStatePipeIds': []}, {'id': '01a01fa6-ed90-70bf-851f-5dcde454882d', 'isFlowAvailable': False, 'diagnosticAreas': [], 'flowPaths': [], 'hasWorkingPumps': False, 'pipesIds': [], 'defaultStatePipeIds': []}, {'id': '01a01fa6-ed90-70c1-b26b-f2db7e1902ab', 'isFlowAvailable': False, 'diagnosticAreas': [], 'flowPaths': [], 'hasWorkingPumps': False, 'pipesIds': [], 'defaultStatePipeIds': []}, {'id': '01a01fa6-ed90-70c3-9987-a09228848484', 'isFlowAvailable': False, 'diagnosticAreas': [], 'flowPaths': [], 'hasWorkingPumps': False, 'pipesIds': [], 'defaultStatePipeIds': []}, {'id': '01a01fa6-ed90-70c4-81c9-90a857ab12d3', 'isFlowAvailable': False, 'diagnosticAreas': [], 'flowPaths': [], 'hasWorkingPumps': False, 'pipesIds': [], 'defaultStatePipeIds': []}, {'id': '01a01fa6-ed90-70c5-94b1-0646f8df89a7', 'isFlowAvailable': False, 'diagnosticAreas': [], 'flowPaths': [], 'hasWorkingPumps': False, 'pipesIds': [], 'defaultStatePipeIds': []}, {'id': '01a01fa6-ed90-70c7-94de-4b6f23d63fcc', 'isFlowAvailable': False, 'diagnosticAreas': [], 'flowPaths': [], 'hasWorkingPumps': False, 'pipesIds': [], 'defaultStatePipeIds': []}, {'id': '01a01fa6-ed90-70c8-acb8-956a9a15ee83', 'isFlowAvailable': False, 'diagnosticAreas': [], 'flowPaths': [], 'hasWorkingPumps': False, 'pipesIds': [], 'defaultStatePipeIds': []}, {'id': '01a01fa6-ed90-70cc-8fa1-6ffe928c328b', 'isFlowAvailable': False, 'diagnosticAreas': [], 'flowPaths': [], 'hasWorkingPumps': False, 'pipesIds': [], 'defaultStatePipeIds': []}, {'id': '01a01fa6-ed90-70ce-bd86-f2c936beebdd', 'isFlowAvailable': False, 'diagnosticAreas': [], 'flowPaths': [], 'hasWorkingPumps': False, 'pipesIds': [], 'defaultStatePipeIds': []}, {'id': '01a01fa6-ed90-70cf-aac3-e8f58c323e0a', 'isFlowAvailable': False, 'diagnosticAreas': [], 'flowPaths': [], 'hasWorkingPumps': False, 'pipesIds': [], 'defaultStatePipeIds': []}, {'id': '01a01fa6-ed90-70d0-840a-0bf4186e7d27', 'isFlowAvailable': False, 'diagnosticAreas': [], 'flowPaths': [], 'hasWorkingPumps': False, 'pipesIds': [], 'defaultStatePipeIds': []}, {'id': '01a01fa6-ed90-70d2-9b8f-f9906f39fb47', 'isFlowAvailable': False, 'diagnosticAreas': [], 'flowPaths': [], 'hasWorkingPumps': False, 'pipesIds': [], 'defaultStatePipeIds': []}, {'id': '01a01fa6-ed90-70d3-8187-741014795f39', 'isFlowAvailable': False, 'diagnosticAreas': [], 'flowPaths': [], 'hasWorkingPumps': False, 'pipesIds': [], 'defaultStatePipeIds': []}, {'id': '01a01fa6-ed90-70d6-89fe-a612a448ffe5', 'isFlowAvailable': False, 'diagnosticAreas': [], 'flowPaths': [], 'hasWorkingPumps': False, 'pipesIds': [], 'defaultStatePipeIds': []}, {'id': '01a01fa6-ed90-70d8-9470-e4e48360f32f', 'isFlowAvailable': False, 'diagnosticAreas': [], 'flowPaths': [], 'hasWorkingPumps': False, 'pipesIds': [], 'defaultStatePipeIds': []}, {'id': '01a01fa6-ed90-70d9-bdfa-a9156937855a', 'isFlowAvailable': False, 'diagnosticAreas': [], 'flowPaths': [], 'hasWorkingPumps': False, 'pipesIds': [], 'defaultStatePipeIds': []}, {'id': '01a01fa6-ed90-70da-8d9e-03c29b9295d2', 'isFlowAvailable': False, 'diagnosticAreas': [], 'flowPaths': [], 'hasWorkingPumps': False, 'pipesIds': [], 'defaultStatePipeIds': []}, {'id': '01a01fa6-ed90-70dd-81de-127761d37ab8', 'isFlowAvailable': False, 'diagnosticAreas': [], 'flowPaths': [], 'hasWorkingPumps': False, 'pipesIds': [], 'defaultStatePipeIds': []}, {'id': '01a01fa6-ed90-70de-9d84-635d46fb3b52', 'isFlowAvailable': False, 'diagnosticAreas': [], 'flowPaths': [], 'hasWorkingPumps': False, 'pipesIds': [], 'defaultStatePipeIds': []}, {'id': '01a01fa6-ed90-70e0-aa93-0282464886d9', 'isFlowAvailable': False, 'diagnosticAreas': [], 'flowPaths': [], 'hasWorkingPumps': False, 'pipesIds': [], 'defaultStatePipeIds': []}, {'id': '01a01fa6-ed90-70e1-a567-0a0b8173afb4', 'isFlowAvailable': False, 'diagnosticAreas': [], 'flowPaths': [], 'hasWorkingPumps': False, 'pipesIds': [], 'defaultStatePipeIds': []}, {'id': '01a01fa6-ed90-70e3-b4c3-2acaf4f9a2c5', 'isFlowAvailable': False, 'diagnosticAreas': [], 'flowPaths': [], 'hasWorkingPumps': False, 'pipesIds': [], 'defaultStatePipeIds': []}, {'id': '01a01fa6-ed90-70e4-b4dd-31a723168a53', 'isFlowAvailable': False, 'diagnosticAreas': [], 'flowPaths': [], 'hasWorkingPumps': False, 'pipesIds': [], 'defaultStatePipeIds': []}, {'id': '01a01fa6-ed90-70e7-8015-250fdcf58cca', 'isFlowAvailable': False, 'diagnosticAreas': [], 'flowPaths': [], 'hasWorkingPumps': False, 'pipesIds': [], 'defaultStatePipeIds': []}, {'id': '01a01fa6-ed90-70ea-8634-d879da13a919', 'isFlowAvailable': False, 'diagnosticAreas': [], 'flowPaths': [], 'hasWorkingPumps': False, 'pipesIds': [], 'defaultStatePipeIds': []}, {'id': '01a01fa6-ed90-70eb-964e-3551d3062ba0', 'isFlowAvailable': False, 'diagnosticAreas': [], 'flowPaths': [], 'hasWorkingPumps': False, 'pipesIds': [], 'defaultStatePipeIds': []}, {'id': '01a01fa6-ed90-70ec-abe6-ec9eeda294b7', 'isFlowAvailable': False, 'diagnosticAreas': [], 'flowPaths': [], 'hasWorkingPumps': False, 'pipesIds': [], 'defaultStatePipeIds': []}, {'id': '01a01fa6-ed90-70ed-8a49-814ae76daddd', 'isFlowAvailable': False, 'diagnosticAreas': [], 'flowPaths': [], 'hasWorkingPumps': False, 'pipesIds': [], 'defaultStatePipeIds': []}, {'id': '01a01fa6-ed90-70ef-8415-1afbf2fc0dbb', 'isFlowAvailable': False, 'diagnosticAreas': [], 'flowPaths': [], 'hasWorkingPumps': False, 'pipesIds': [], 'defaultStatePipeIds': []}, {'id': '01a01fa6-ed90-70f1-a1b4-44af837b9598', 'isFlowAvailable': False, 'diagnosticAreas': [], 'flowPaths': [], 'hasWorkingPumps': False, 'pipesIds': [], 'defaultStatePipeIds': []}, {'id': '01a01fa6-ed90-70f3-8329-7749bed03042', 'isFlowAvailable': False, 'diagnosticAreas': [], 'flowPaths': [], 'hasWorkingPumps': False, 'pipesIds': [], 'defaultStatePipeIds': []}, {'id': '01a01fa6-ed91-746f-8eb9-1a07ce39f422', 'isFlowAvailable': False, 'diagnosticAreas': [], 'flowPaths': [], 'hasWorkingPumps': False, 'pipesIds': [], 'defaultStatePipeIds': []}, {'id': '01a01fa6-ed91-7471-affa-8090f2eceb45', 'isFlowAvailable': False, 'diagnosticAreas': [], 'flowPaths': [], 'hasWorkingPumps': False, 'pipesIds': [], 'defaultStatePipeIds': []}, {'id': '01a01fa6-ed91-7474-bb2e-8af4fcb2f7b6', 'isFlowAvailable': False, 'diagnosticAreas': [], 'flowPaths': [], 'hasWorkingPumps': False, 'pipesIds': [], 'defaultStatePipeIds': []}, {'id': '01a01fa6-ed91-7476-bf8f-d809f4a7b27a', 'isFlowAvailable': False, 'diagnosticAreas': [], 'flowPaths': [], 'hasWorkingPumps': False, 'pipesIds': [], 'defaultStatePipeIds': []}, {'id': '01a01fa6-ed91-7477-8f61-a8a07b052291', 'isFlowAvailable': False, 'diagnosticAreas': [], 'flowPaths': [], 'hasWorkingPumps': False, 'pipesIds': [], 'defaultStatePipeIds': []}, {'id': '01a01fa6-ed91-7479-9656-5b0b17d6c3da', 'isFlowAvailable': False, 'diagnosticAreas': [], 'flowPaths': [], 'hasWorkingPumps': False, 'pipesIds': [], 'defaultStatePipeIds': []}, {'id': '01a01fa6-ed91-747b-9b47-666f93640943', 'isFlowAvailable': False, 'diagnosticAreas': [], 'flowPaths': [], 'hasWorkingPumps': False, 'pipesIds': [], 'defaultStatePipeIds': []}, {'id': '01a01fa6-ed91-747d-8b1e-fc90ed041305', 'isFlowAvailable': False, 'diagnosticAreas': [], 'flowPaths': [], 'hasWorkingPumps': False, 'pipesIds': [], 'defaultStatePipeIds': []}, {'id': '01a01fa6-ed91-747e-adda-8c1577d034b0', 'isFlowAvailable': False, 'diagnosticAreas': [], 'flowPaths': [], 'hasWorkingPumps': False, 'pipesIds': [], 'defaultStatePipeIds': []}, {'id': '01a01fa6-ed91-7480-9666-13c9cf128b0b', 'isFlowAvailable': False, 'diagnosticAreas': [], 'flowPaths': [], 'hasWorkingPumps': False, 'pipesIds': [], 'defaultStatePipeIds': []}, {'id': '01a01fa6-ed91-7481-af21-5ef5c2c695ca', 'isFlowAvailable': False, 'diagnosticAreas': [], 'flowPaths': [], 'hasWorkingPumps': False, 'pipesIds': [], 'defaultStatePipeIds': []}, {'id': '01a01fa6-ed91-7484-b1d6-b9992ffc6e62', 'isFlowAvailable': False, 'diagnosticAreas': [], 'flowPaths': [], 'hasWorkingPumps': False, 'pipesIds': [], 'defaultStatePipeIds': []}, {'id': '01a01fa6-ed91-7485-9918-e12504dd60d3', 'isFlowAvailable': False, 'diagnosticAreas': [], 'flowPaths': [], 'hasWorkingPumps': False, 'pipesIds': [], 'defaultStatePipeIds': []}, {'id': '01a01fa6-ed91-7487-8b17-9681da5cbe1c', 'isFlowAvailable': False, 'diagnosticAreas': [], 'flowPaths': [], 'hasWorkingPumps': False, 'pipesIds': [], 'defaultStatePipeIds': []}, {'id': '01a01fa6-ed91-748a-85df-bd9dca9de3ca', 'isFlowAvailable': False, 'diagnosticAreas': [], 'flowPaths': [], 'hasWorkingPumps': False, 'pipesIds': [], 'defaultStatePipeIds': []}, {'id': '01a01fa6-ed91-748c-8fd3-9623f93adabb', 'isFlowAvailable': False, 'diagnosticAreas': [], 'flowPaths': [], 'hasWorkingPumps': False, 'pipesIds': [], 'defaultStatePipeIds': []}, {'id': '01a01fa6-ed91-748e-bcdc-0c0f27e1afb0', 'isFlowAvailable': False, 'diagnosticAreas': [], 'flowPaths': [], 'hasWorkingPumps': False, 'pipesIds': [], 'defaultStatePipeIds': []}, {'id': '01a01fa6-ed91-7490-b665-e07054d0fb77', 'isFlowAvailable': False, 'diagnosticAreas': [], 'flowPaths': [], 'hasWorkingPumps': False, 'pipesIds': [], 'defaultStatePipeIds': []}, {'id': '01a01fa6-ed91-7491-a711-c05050bb21ab', 'isFlowAvailable': False, 'diagnosticAreas': [], 'flowPaths': [], 'hasWorkingPumps': False, 'pipesIds': [], 'defaultStatePipeIds': []}, {'id': '01a01fa6-ed91-7494-b9c2-5869446310f6', 'isFlowAvailable': False, 'diagnosticAreas': [], 'flowPaths': [], 'hasWorkingPumps': False, 'pipesIds': [], 'defaultStatePipeIds': []}, {'id': '01a01fa6-ed91-7497-8808-6d085406a66d', 'isFlowAvailable': False, 'diagnosticAreas': [], 'flowPaths': [], 'hasWorkingPumps': False, 'pipesIds': [], 'defaultStatePipeIds': []}, {'id': '01a01fa6-ed91-7498-a20a-ab01f26faf4b', 'isFlowAvailable': False, 'diagnosticAreas': [], 'flowPaths': [], 'hasWorkingPumps': False, 'pipesIds': [], 'defaultStatePipeIds': []}, {'id': '01a01fa6-ed91-749a-92f0-dc9c65d40cb1', 'isFlowAvailable': False, 'diagnosticAreas': [], 'flowPaths': [], 'hasWorkingPumps': False, 'pipesIds': [], 'defaultStatePipeIds': []}, {'id': '01a01fa6-ed91-749b-9621-794bbf152d68', 'isFlowAvailable': False, 'diagnosticAreas': [], 'flowPaths': [], 'hasWorkingPumps': False, 'pipesIds': [], 'defaultStatePipeIds': []}, {'id': '01a01fa6-ed91-749d-86d1-a9622c91f424', 'isFlowAvailable': False, 'diagnosticAreas': [], 'flowPaths': [], 'hasWorkingPumps': False, 'pipesIds': [], 'defaultStatePipeIds': []}, {'id': '01a01fa6-ed91-749f-a53f-39145f44edfc', 'isFlowAvailable': False, 'diagnosticAreas': [], 'flowPaths': [], 'hasWorkingPumps': False, 'pipesIds': [], 'defaultStatePipeIds': []}, {'id': '01a01fa6-ed91-74a0-98ed-8424dfa7d220', 'isFlowAvailable': False, 'diagnosticAreas': [], 'flowPaths': [], 'hasWorkingPumps': False, 'pipesIds': [], 'defaultStatePipeIds': []}, {'id': '01a01fa6-ed91-74a3-a19c-e2350fcd6680', 'isFlowAvailable': False, 'diagnosticAreas': [], 'flowPaths': [], 'hasWorkingPumps': False, 'pipesIds': [], 'defaultStatePipeIds': []}, {'id': '01a01fa6-ed91-74a5-a851-14abf26c6801', 'isFlowAvailable': False, 'diagnosticAreas': [], 'flowPaths': [], 'hasWorkingPumps': False, 'pipesIds': [], 'defaultStatePipeIds': []}, {'id': '01a01fa6-ed91-74a7-a088-a04fd70fd6b8', 'isFlowAvailable': False, 'diagnosticAreas': [], 'flowPaths': [], 'hasWorkingPumps': False, 'pipesIds': [], 'defaultStatePipeIds': []}, {'id': '01a01fa6-ed91-74a9-8f29-1daf82c5a746', 'isFlowAvailable': False, 'diagnosticAreas': [], 'flowPaths': [], 'hasWorkingPumps': False, 'pipesIds': [], 'defaultStatePipeIds': []}, {'id': '01a01fa6-ed91-74ab-a558-c0c5dca0d667', 'isFlowAvailable': False, 'diagnosticAreas': [], 'flowPaths': [], 'hasWorkingPumps': False, 'pipesIds': [], 'defaultStatePipeIds': []}, {'id': '01a01fa6-ed91-74ad-8001-d7533cd3af06', 'isFlowAvailable': False, 'diagnosticAreas': [], 'flowPaths': [], 'hasWorkingPumps': False, 'pipesIds': [], 'defaultStatePipeIds': []}, {'id': '01a01fa6-ed91-74ae-b410-4a0c25407b67', 'isFlowAvailable': False, 'diagnosticAreas': [], 'flowPaths': [], 'hasWorkingPumps': False, 'pipesIds': [], 'defaultStatePipeIds': []}, {'id': '01a01fa6-ed91-74af-824a-7a2d76328254', 'isFlowAvailable': False, 'diagnosticAreas': [], 'flowPaths': [], 'hasWorkingPumps': False, 'pipesIds': [], 'defaultStatePipeIds': []}, {'id': '01a01fa6-ed91-74b0-b4f2-f1fdfb96fea1', 'isFlowAvailable': False, 'diagnosticAreas': [], 'flowPaths': [], 'hasWorkingPumps': False, 'pipesIds': [], 'defaultStatePipeIds': []}, {'id': '01a01fa6-ed91-74b6-8f59-bfbb9cffc4ec', 'isFlowAvailable': False, 'diagnosticAreas': [], 'flowPaths': [], 'hasWorkingPumps': False, 'pipesIds': [], 'defaultStatePipeIds': []}, {'id': '01a01fa6-ed91-74b9-bbdd-e53e6d29a16f', 'isFlowAvailable': False, 'diagnosticAreas': [], 'flowPaths': [], 'hasWorkingPumps': False, 'pipesIds': [], 'defaultStatePipeIds': []}, {'id': '01a01fa6-ed91-74ba-9079-1984efd253a3', 'isFlowAvailable': False, 'diagnosticAreas': [], 'flowPaths': [], 'hasWorkingPumps': False, 'pipesIds': [], 'defaultStatePipeIds': []}, {'id': '01a01fa6-ed91-74bc-b99b-05f47f76481b', 'isFlowAvailable': False, 'diagnosticAreas': [], 'flowPaths': [], 'hasWorkingPumps': False, 'pipesIds': [], 'defaultStatePipeIds': []}, {'id': '01a01fa6-ed91-74c1-9686-276879b47b9c', 'isFlowAvailable': False, 'diagnosticAreas': [], 'flowPaths': [], 'hasWorkingPumps': False, 'pipesIds': [], 'defaultStatePipeIds': []}, {'id': '01a01fa6-ed91-74c4-be76-8e7b1e83d18c', 'isFlowAvailable': False, 'diagnosticAreas': [], 'flowPaths': [], 'hasWorkingPumps': False, 'pipesIds': [], 'defaultStatePipeIds': []}, {'id': '01a01fa6-ed91-74c6-959a-3e46372ca00e', 'isFlowAvailable': False, 'diagnosticAreas': [], 'flowPaths': [], 'hasWorkingPumps': False, 'pipesIds': [], 'defaultStatePipeIds': []}, {'id': '01a01fa6-ed91-74ca-836c-a7689919457b', 'isFlowAvailable': False, 'diagnosticAreas': [], 'flowPaths': [], 'hasWorkingPumps': False, 'pipesIds': [], 'defaultStatePipeIds': []}, {'id': '01a01fa6-ed91-74cc-9bdd-797f0827b7e6', 'isFlowAvailable': False, 'diagnosticAreas': [], 'flowPaths': [], 'hasWorkingPumps': False, 'pipesIds': [], 'defaultStatePipeIds': []}, {'id': '01a01fa6-ed91-74cd-a223-f0cb9a237f02', 'isFlowAvailable': False, 'diagnosticAreas': [], 'flowPaths': [], 'hasWorkingPumps': False, 'pipesIds': [], 'defaultStatePipeIds': []}, {'id': '01a01fa6-ed91-74cf-bb5c-5af6e8caec70', 'isFlowAvailable': False, 'diagnosticAreas': [], 'flowPaths': [], 'hasWorkingPumps': False, 'pipesIds': [], 'defaultStatePipeIds': []}, {'id': '01a01fa6-ed91-74d1-a4d6-e9ddf120a049', 'isFlowAvailable': False, 'diagnosticAreas': [], 'flowPaths': [], 'hasWorkingPumps': False, 'pipesIds': [], 'defaultStatePipeIds': []}, {'id': '01a01fa6-ed91-74d2-96fa-c5913d6c4827', 'isFlowAvailable': False, 'diagnosticAreas': [], 'flowPaths': [], 'hasWorkingPumps': False, 'pipesIds': [], 'defaultStatePipeIds': []}, {'id': '01a01fa6-ed91-74d3-b331-31b780036d69', 'isFlowAvailable': False, 'diagnosticAreas': [], 'flowPaths': [], 'hasWorkingPumps': False, 'pipesIds': [], 'defaultStatePipeIds': []}, {'id': '01a01fa6-ed91-74d5-9ce0-f8af38652925', 'isFlowAvailable': False, 'diagnosticAreas': [], 'flowPaths': [], 'hasWorkingPumps': False, 'pipesIds': [], 'defaultStatePipeIds': []}, {'id': '01a01fa6-ed91-74d7-a959-23eed8d981cf', 'isFlowAvailable': False, 'diagnosticAreas': [], 'flowPaths': [], 'hasWorkingPumps': False, 'pipesIds': [], 'defaultStatePipeIds': []}, {'id': '01a01fa6-ed91-74d9-adca-5b3f18a006c8', 'isFlowAvailable': False, 'diagnosticAreas': [], 'flowPaths': [], 'hasWorkingPumps': False, 'pipesIds': [], 'defaultStatePipeIds': []}, {'id': '01a01fa6-ed91-74da-9853-ae4a345c6ecd', 'isFlowAvailable': False, 'diagnosticAreas': [], 'flowPaths': [], 'hasWorkingPumps': False, 'pipesIds': [], 'defaultStatePipeIds': []}, {'id': '01a01fa6-ed91-74db-a29a-2fd9426fa76b', 'isFlowAvailable': False, 'diagnosticAreas': [], 'flowPaths': [], 'hasWorkingPumps': False, 'pipesIds': [], 'defaultStatePipeIds': []}, {'id': '01a01fa6-ed91-74dd-b87e-abed320c7600', 'isFlowAvailable': False, 'diagnosticAreas': [], 'flowPaths': [], 'hasWorkingPumps': False, 'pipesIds': [], 'defaultStatePipeIds': []}, {'id': '01a01fa6-ed91-74df-a275-43ebc81d3b65', 'isFlowAvailable': False, 'diagnosticAreas': [], 'flowPaths': [], 'hasWorkingPumps': False, 'pipesIds': [], 'defaultStatePipeIds': []}, {'id': '01a01fa6-ed91-74e1-a81a-e06fe12ee5e7', 'isFlowAvailable': False, 'diagnosticAreas': [], 'flowPaths': [], 'hasWorkingPumps': False, 'pipesIds': [], 'defaultStatePipeIds': []}, {'id': '01a01fa6-ed91-74e2-be8f-974b477b8b27', 'isFlowAvailable': False, 'diagnosticAreas': [], 'flowPaths': [], 'hasWorkingPumps': False, 'pipesIds': [], 'defaultStatePipeIds': []}, {'id': '01a01fa6-ed91-74e3-82ae-9d3da7050e09', 'isFlowAvailable': False, 'diagnosticAreas': [], 'flowPaths': [], 'hasWorkingPumps': False, 'pipesIds': [], 'defaultStatePipeIds': []}, {'id': '01a01fa6-ed91-74e5-ab3e-7d6bb03da4de', 'isFlowAvailable': False, 'diagnosticAreas': [], 'flowPaths': [], 'hasWorkingPumps': False, 'pipesIds': [], 'defaultStatePipeIds': []}, {'id': '01a01fa6-ed91-74e6-b336-ef636d917920', 'isFlowAvailable': False, 'diagnosticAreas': [], 'flowPaths': [], 'hasWorkingPumps': False, 'pipesIds': [], 'defaultStatePipeIds': []}, {'id': '01a01fa6-ed91-74e8-8388-442402c4d2cf', 'isFlowAvailable': False, 'diagnosticAreas': [], 'flowPaths': [], 'hasWorkingPumps': False, 'pipesIds': [], 'defaultStatePipeIds': []}, {'id': '01a01fa6-ed91-74ea-9255-efecf2a484a9', 'isFlowAvailable': False, 'diagnosticAreas': [], 'flowPaths': [], 'hasWorkingPumps': False, 'pipesIds': [], 'defaultStatePipeIds': []}, {'id': '01a01fa6-ed91-74ec-9845-73d55abf2577', 'isFlowAvailable': False, 'diagnosticAreas': [], 'flowPaths': [], 'hasWorkingPumps': False, 'pipesIds': [], 'defaultStatePipeIds': []}, {'id': '01a01fa6-ed91-74ed-9b52-1719001cac89', 'isFlowAvailable': False, 'diagnosticAreas': [], 'flowPaths': [], 'hasWorkingPumps': False, 'pipesIds': [], 'defaultStatePipeIds': []}, {'id': '01a01fa6-ed91-74ef-9285-d81995974c46', 'isFlowAvailable': False, 'diagnosticAreas': [], 'flowPaths': [], 'hasWorkingPumps': False, 'pipesIds': [], 'defaultStatePipeIds': []}, {'id': '01a01fa6-ed91-74f0-bd30-eff0d42751a3', 'isFlowAvailable': False, 'diagnosticAreas': [], 'flowPaths': [], 'hasWorkingPumps': False, 'pipesIds': [], 'defaultStatePipeIds': []}, {'id': '01a01fa6-ed91-74f2-b262-8c1687f1d09d', 'isFlowAvailable': False, 'diagnosticAreas': [], 'flowPaths': [], 'hasWorkingPumps': False, 'pipesIds': [], 'defaultStatePipeIds': []}, {'id': '01a01fa6-ed91-74f3-ab3e-e955945f45a1', 'isFlowAvailable': False, 'diagnosticAreas': [], 'flowPaths': [], 'hasWorkingPumps': False, 'pipesIds': [], 'defaultStatePipeIds': []}, {'id': '01a01fa6-ed91-74f5-912b-b6f4a4109ede', 'isFlowAvailable': False, 'diagnosticAreas': [], 'flowPaths': [], 'hasWorkingPumps': False, 'pipesIds': [], 'defaultStatePipeIds': []}, {'id': '01a01fa6-ed91-74f6-9fa9-0f753cec97df', 'isFlowAvailable': False, 'diagnosticAreas': [], 'flowPaths': [], 'hasWorkingPumps': False, 'pipesIds': [], 'defaultStatePipeIds': []}, {'id': '01a01fa6-ed91-74f7-86c8-f9ee8cc807b7', 'isFlowAvailable': False, 'diagnosticAreas': [], 'flowPaths': [], 'hasWorkingPumps': False, 'pipesIds': [], 'defaultStatePipeIds': []}, {'id': '01a01fa6-ed91-74f9-8ac8-63a9cd40580e', 'isFlowAvailable': False, 'diagnosticAreas': [], 'flowPaths': [], 'hasWorkingPumps': False, 'pipesIds': [], 'defaultStatePipeIds': []}, {'id': '01a01fa6-ed91-74fb-a6f5-d187ddb76dba', 'isFlowAvailable': False, 'diagnosticAreas': [], 'flowPaths': [], 'hasWorkingPumps': False, 'pipesIds': [], 'defaultStatePipeIds': []}], 'linearParts': [{'id': 407, 'isMasked': False, 'maskReason': None}, {'id': 408, 'isMasked': False, 'maskReason': None}, {'id': 409, 'isMasked': False, 'maskReason': None}]}}], []]
SubscribeCommonSchemeReply
 59.8 KiB
Извлечение и подготовка данных для проверки 6 sub-steps, 1 attachment2ms
Проверка наличия данных по ТУ Ожидаемый результат: tuInfo не пустое Фактический результат: tuInfo = TuInfo(tuId=2, stationaryStatus=3, ldsStatus=LdsStatus(numberOfOkControlledSites=0, numberOfInitializingControlledSites=56, numberOfFaultyControlledSites=59, numberOfDegradedControlledSites=0, numberOfMaskedLps=0, maskedLps=None), freeFlows=[FreeFlow(freeFlowStartCoordinate=240936.0, freeFlowStartHeight=463.25, freeFlowEndHeight=560.52)], leaksInfo=None)0s
Проверка наличия режимов МТ в OutputSignalsInfo Ожидаемый результат: controlledSiteSignals не пустое Фактический результат: количество элементов в controlledSiteSignals = 80s
Проверка наличия участков карты течения с доступным течением Ожидаемый результат: flowAreas не пустое Фактический результат: количество элементов в flowAreas = 80s
Проверка наличия самого длинного пути течения Ожидаемый результат: longest_flow_area не пустое Фактический результат: longest_flow_area = FlowArea(hasWorkingPumps=False, id=UUID('01a01fa6-ed87-7316-922a-42bf68c10d37'), isFlowAvailable=True, diagnosticAreas=[DiagnosticArea(id=9992054923, stationaryStatus=3, stationaryStatusReasons=1, ldsStatus=2, ldsStatusReasons=4, technologicalPipeIds=[9992053858, 9992053876, 655, 9992053875, 616, 619, 657, 656, 633, 660, 631, 632, 634, 662, 661, 641, 665, 640, 642, 643, 667, 666, 650, 671, 649, 651, 652, 673, 999203986, 999203987, 999205272, 999205399, 999205398, 999204049, 999204046, 999204047, 1351, 999204051, 1353, 9992054854, 999192871, 999192882, 9992054856, 1471, 320, 279, 315, 9992054869, 999192918, 999192924, 9992054870, 1454, 9992053509, 1455, 9992053506, 9992053510, 9992053159, 9992053160, 9992053507, 9992053511, 9992053512, 1398, 9992053513, 1396, 9992054873, 999192932, 999192937, 9992054874, 716, 999019198, 999019197, 999019196, 717, 999019174, 999019180, 853, 849, 990162032, 1162, 999019185, 999019184, 999019186, 999019182, 999019181, 852, 1233, 1224, 1223, 1227, 1228, 1220, 1218, 1231, 1219, 1229, 1230, 999019259, 999019261, 999019260, 770, 774, 769, 754, 792, 776, 778, 779, 782, 780, 760, 797, 784, 786, 787, 807, 788, 766, 767, 9992053862, 9992053872, 9992053871, 999019226, 9992053870, 999019223, 999019227, 999019228, 843, 842, 999019244, 999204010, 845, 411, 999205275, 438, 448, 455, 999204053, 999204054, 999204021, 437, 999204056, 999204055, 999204037, 447, 456, 999193017, 999193011, 999193018, 999193020, 999019279, 999016147, 999204074, 990162071, 990162066, 990162065, 990162075, 990162077, 990162070, 999016148, 1426, 1424, 1427, 1428, 999204041, 999204042, 9992053197, 9992053226, 9992053227, 9992053228, 9992053198, 1414, 1416, 1419, 875, 999204057, 999204058, 9992054112, 876, 999203949, 999203940, 881, 882, 999203448, 999203456, 35165821, 999203467, 999203558, 999204077, 9992052981, 9992052990, 9992052993, 9992052992, 9992052995, 9992052997, 9992053016, 9992053015, 9992053007, 9992053008, 9992053000, 999203462, 999203468, 999203464, 999203472, 251652276, 251652278, 251652277, 1256, 1263, 990161796, 990161797, 1257, 1260, 990161802, 990161798, 990161804, 990161803, 940062, 9992054443, 9992054442, 9992054435, 9992054431, 9992054430, 9992054428, 9992054426, 9992054424, 9992054425, 9992054427, 9992054429, 9992054432, 9992054436, 9992054441, 9992053382, 911, 940, 9992053865, 914, 915, 942, 944, 945, 948, 946, 922, 919, 950, 952, 953, 956, 954, 928, 929, 958, 960, 961, 966, 962, 934, 935, 968, 940097, 999205441, 990162087, 990162088], pipeIds=[1349, 263, 999192870, 267, 999192883, 1469, 1062, 999192917, 1463, 999192925, 999192931, 368, 999192938, 1076, 22835, 1088, 999193016, 463, 999193012, 990162041, 474, 1100, 1421, 1444, 999019294, 999205393, 999205440, 999192214, 999192221])], flowPaths=[FlowPath(id=1013004, freeFlows=[]), FlowPath(id=1014006, freeFlows=[]), FlowPath(id=9993054429, freeFlows=[]), FlowPath(id=1011000, freeFlows=[]), FlowPath(id=1011001, freeFlows=[]), FlowPath(id=1011002, freeFlows=[]), FlowPath(id=1011003, freeFlows=[]), FlowPath(id=1011004, freeFlows=[]), FlowPath(id=1011005, freeFlows=[]), FlowPath(id=1011006, freeFlows=[]), FlowPath(id=1013001, freeFlows=[]), FlowPath(id=1013002, freeFlows=[]), FlowPath(id=1013003, freeFlows=[]), FlowPath(id=1013005, freeFlows=[]), FlowPath(id=1013006, freeFlows=[]), FlowPath(id=1013007, freeFlows=[]), FlowPath(id=1014000, freeFlows=[]), FlowPath(id=1014001, freeFlows=[]), FlowPath(id=1014002, freeFlows=[]), FlowPath(id=1014003, freeFlows=[]), FlowPath(id=1014004, freeFlows=[]), FlowPath(id=1014005, freeFlows=[]), FlowPath(id=1014007, freeFlows=[]), FlowPath(id=9993054428, freeFlows=[]), FlowPath(id=9993054427, freeFlows=[]), FlowPath(id=9993054426, freeFlows=[]), FlowPath(id=9993054425, freeFlows=[]), FlowPath(id=9993054424, freeFlows=[]), FlowPath(id=9993054423, freeFlows=[]), FlowPath(id=9993054422, freeFlows=[])], pipesIds=[999205272, 999205398, 263, 267, 320, 368, 616, 619, 631, 632, 633, 634, 640, 641, 642, 643, 649, 650, 651, 652, 655, 656, 657, 660, 661, 662, 665, 666, 667, 671, 673, 717, 754, 760, 766, 767, 769, 770, 774, 776, 778, 779, 780, 782, 784, 786, 787, 788, 792, 797, 807, 842, 843, 852, 1035, 1036, 1062, 1076, 1162, 1223, 1224, 1227, 1228, 1233, 1349, 1353, 1398, 1455, 1463, 1469, 1471, 999192870, 999192871, 999192882, 999192883, 999192917, 999192918, 999192924, 999192925, 999192931, 999192932, 999192937, 999192938, 22835, 9992053506, 9992053507, 9992053511, 9992053512, 9992053858, 9992053862, 9992053870, 9992053871, 9992053875, 9992053872, 9992053876, 999019174, 999019180, 999019181, 999019184, 999019185, 999019223, 999019226, 999019227, 999019228, 999019244, 999019259, 999019260, 990162032, 999203986, 999203987, 999204010, 999204051])0s
Проверка наличия данных диагностических участков Ожидаемый результат: diagnosticAreas не пустое Фактический результат: количество элементов в diagnosticAreas = 10s
Проверка наличия режимов МТ на базовых ДУ CommonSchemeContent Ожидаемый результат: stationaryStatus не пустое Фактический результат: количество элементов в stationaryStatus = 00s
AssertionError: [Проверка наличия режимов МТ на базовых ДУ CommonSchemeContent
Ожидаемый результат: stationaryStatus не пустое
Фактический результат: количество элементов в stationaryStatus = 0] Expected not empty, but was empty.
OutputSignalsInfo: режимы МТ по участкам КП-КП
 270 B
TIXORECZKAYA_NOVOVELICHKOVSKAYA: STOPPED (3)
NOVOVELICHKOVSKAYA_KRYMSKAYA: STOPPED (3)
KRYMSKAYA_GRUSHOVAYA: STOPPED (3)
BACKUP_ROUTE_BEJSUG: STOPPED (3)
BACKUP_ROUTE_PONURA: STOPPED (3)
BACKUP_ROUTE_KUBAN: STOPPED (3)
NPZ_AFIPSKIJ: STOPPED (3)
NPZ_ILINSKIJ: STOPPED (3)
log
 6 KiB
AssertionError: [Проверка наличия режимов МТ на базовых ДУ CommonSchemeContent
Ожидаемый результат: stationaryStatus не пустое
Фактический результат: количество элементов в stationaryStatus = 0] Expected not empty, but was empty.
Tear down